Id,Date,MSZoning,Street,LotShape,LandSlope,Neighborhood,Condition1,Condition2,RoofStyle
1,2/5/2010,RL,Pave,Reg,Gtl,CollgCr,Norm,Norm,Gable
2,2/12/2010,RL,Pave,Reg,Gtl,Veenker,Feedr,Norm,Gable
3,2/19/2010,RL,Pave,IR1,Gtl,CollgCr,Norm,Norm,Gable
4,2/26/2010,RL,Pave,IR1,Gtl,Crawfor,Norm,Norm,Gable
5,3/5/2010,RL,Pave,IR1,Gtl,NoRidge,Norm,Norm,Gable
6,3/12/2010,RL,Pave,IR1,Gtl,Mitchel,Norm,Norm,Gable
7,3/19/2010,RL,Pave,Reg,Gtl,Somerst,Norm,Norm,Gable
8,3/26/2010,RL,Pave,IR1,Gtl,NWAmes,PosN,Norm,Gable
9,4/2/2010,RM,Pave,Reg,Gtl,OldTown,Artery,Norm,Gable
10,4/9/2010,RL,Pave,Reg,Gtl,BrkSide,Artery,Artery,Gable
11,4/16/2010,RL,Pave,Reg,Gtl,Sawyer,Norm,Norm,Hip
12,4/23/2010,RL,Pave,IR1,Gtl,NridgHt,Norm,Norm,Hip
13,4/30/2010,RL,Pave,IR2,Gtl,Sawyer,Norm,Norm,Hip
14,5/7/2010,RL,Pave,IR1,Gtl,CollgCr,Norm,Norm,Gable
15,5/14/2010,RL,Pave,IR1,Gtl,NAmes,Norm,Norm,Hip
16,5/21/2010,RM,Pave,Reg,Gtl,BrkSide,Norm,Norm,Gable
17,5/28/2010,RL,Pave,IR1,Gtl,NAmes,Norm,Norm,Gable
18,6/4/2010,RL,Pave,Reg,Gtl,Sawyer,Norm,Norm,Gable
19,6/11/2010,RL,Pave,Reg,Gtl,SawyerW,RRAe,Norm,Gable
20,6/18/2010,RL,Pave,Reg,Gtl,NAmes,Norm,Norm,Hip
21,6/25/2010,RL,Pave,IR1,Gtl,NridgHt,Norm,Norm,Gable
22,7/2/2010,RM,Pave,Reg,Gtl,IDOTRR,Norm,Norm,Gable
23,7/9/2010,RL,Pave,Reg,Gtl,CollgCr,Norm,Norm,Hip
24,7/16/2010,RM,Pave,Reg,Gtl,MeadowV,Norm,Norm,Gable
25,7/23/2010,RL,Pave,IR1,Gtl,Sawyer,Norm,Norm,Gable
26,7/30/2010,RL,Pave,Reg,Gtl,NridgHt,Norm,Norm,Gable
27,8/6/2010,RL,Pave,Reg,Gtl,NAmes,Norm,Norm,Gable
28,8/13/2010,RL,Pave,Reg,Gtl,NridgHt,Norm,Norm,Gable
29,8/20/2010,RL,Pave,IR1,Gtl,NAmes,Norm,Norm,Gable
30,8/27/2010,RM,Pave,IR1,Gtl,BrkSide,Feedr,RRNn,Gable
31,9/3/2010,C (all),Pave,Reg,Gtl,IDOTRR,Feedr,Norm,Gambrel
32,9/10/2010,RL,Pave,IR1,Gtl,Sawyer,Norm,Norm,Gable
33,9/17/2010,RL,Pave,Reg,Gtl,CollgCr,Norm,Norm,Gable
34,9/24/2010,RL,Pave,IR1,Gtl,NAmes,Norm,Norm,Hip
35,10/1/2010,RL,Pave,Reg,Gtl,NridgHt,Norm,Norm,Hip
36,10/8/2010,RL,Pave,Reg,Gtl,NridgHt,Norm,Norm,Gable
37,10/15/2010,RL,Pave,Reg,Gtl,CollgCr,Norm,Norm,Gable
38,10/22/2010,RL,Pave,Reg,Gtl,NAmes,Norm,Norm,Hip
39,10/29/2010,RL,Pave,Reg,Gtl,NAmes,Norm,Norm,Gable
40,11/5/2010,RL,Pave,Reg,Gtl,Edwards,Norm,Norm,Gable
41,11/12/2010,RL,Pave,Reg,Gtl,NAmes,Norm,Norm,Gable
42,11/19/2010,RL,Pave,Reg,Gtl,Timber,Norm,Norm,Gable
43,11/26/2010,RL,Pave,IR1,Gtl,SawyerW,Norm,Norm,Gable
44,12/3/2010,RL,Pave,IR1,Gtl,CollgCr,Norm,Norm,Hip
45,12/10/2010,RL,Pave,Reg,Gtl,NAmes,Norm,Norm,Gable
46,12/17/2010,RL,Pave,Reg,Gtl,NridgHt,Norm,Norm,Hip
47,12/24/2010,RL,Pave,IR1,Gtl,Mitchel,Norm,Norm,Gable
48,12/31/2010,FV,Pave,Reg,Gtl,Somerst,Norm,Norm,Gable
49,1/7/2011,RM,Pave,Reg,Gtl,OldTown,Norm,Norm,Gable
50,1/14/2011,RL,Pave,Reg,Gtl,Sawyer,Norm,Norm,Gable
51,1/21/2011,RL,Pave,IR2,Gtl,Gilbert,Norm,Norm,Gable
52,1/28/2011,RM,Pave,Reg,Gtl,BrkSide,Norm,Norm,Gable
53,2/4/2011,RM,Grvl,IR2,Mod,IDOTRR,RRNn,Norm,Gable
54,2/11/2011,RL,Pave,IR1,Gtl,Veenker,Norm,Norm,Gable
55,2/18/2011,RL,Pave,Reg,Mod,NAmes,Norm,Norm,Gable
56,2/25/2011,RL,Pave,IR1,Gtl,NAmes,Norm,Norm,Gable
57,3/4/2011,FV,Pave,Reg,Gtl,Somerst,Norm,Norm,Gable
58,3/11/2011,RL,Pave,IR1,Gtl,CollgCr,Norm,Norm,Gable
59,3/18/2011,RL,Pave,IR2,Gtl,StoneBr,Norm,Norm,Hip
60,3/25/2011,RL,Pave,Reg,Gtl,CollgCr,Norm,Norm,Gable
61,4/1/2011,RL,Pave,Reg,Gtl,SawyerW,RRAe,Norm,Gable
62,4/8/2011,RM,Pave,Reg,Gtl,IDOTRR,Norm,Norm,Gable
63,4/15/2011,RL,Pave,IR1,Gtl,NridgHt,Norm,Norm,Gable
64,4/22/2011,RM,Pave,IR1,Gtl,OldTown,RRAn,Feedr,Gable
65,4/29/2011,RL,Pave,Reg,Gtl,CollgCr,Norm,Norm,Gable
66,5/6/2011,RL,Pave,Reg,Gtl,NridgHt,Norm,Norm,Gable
67,5/13/2011,RL,Pave,Reg,Gtl,NAmes,PosA,Norm,Gable
68,5/20/2011,RL,Pave,IR1,Gtl,CollgCr,Norm,Norm,Gable
69,5/27/2011,RM,Pave,Reg,Gtl,OldTown,Artery,Norm,Gable
70,6/3/2011,RL,Pave,Reg,Gtl,ClearCr,Norm,Norm,Gable
71,6/10/2011,RL,Pave,IR1,Gtl,NAmes,Norm,Norm,Gable
72,6/17/2011,RL,Pave,Reg,Gtl,Mitchel,Norm,Norm,Gable
73,6/24/2011,RL,Pave,IR1,Gtl,Gilbert,Norm,Norm,Gable
74,7/1/2011,RL,Pave,Reg,Gtl,NAmes,Norm,Norm,Gable
75,7/8/2011,RM,Pave,Reg,Gtl,OldTown,Norm,Norm,Gambrel
76,7/15/2011,RM,Pave,Reg,Gtl,MeadowV,Norm,Norm,Gable
77,7/22/2011,RL,Pave,IR1,Gtl,NAmes,Norm,Norm,Gable
78,7/29/2011,RM,Pave,Reg,Gtl,BrkSide,Norm,Norm,Gable
79,8/5/2011,RL,Pave,Reg,Gtl,Sawyer,Norm,Norm,Hip
80,8/12/2011,RM,Pave,Reg,Gtl,OldTown,Norm,Norm,Gable
81,8/19/2011,RL,Pave,Reg,Gtl,NAmes,Norm,Norm,Gable
82,8/26/2011,RM,Pave,Reg,Gtl,Mitchel,Norm,Norm,Hip
83,9/2/2011,RL,Pave,Reg,Gtl,Somerst,Norm,Norm,Gable
84,9/9/2011,RL,Pave,IR1,Gtl,NAmes,Norm,Norm,Gable
85,9/16/2011,RL,Pave,IR1,Gtl,Gilbert,Norm,Norm,Gable
86,9/23/2011,RL,Pave,Reg,Gtl,NoRidge,Norm,Norm,Hip
87,9/30/2011,RL,Pave,IR2,Gtl,Gilbert,Norm,Norm,Gable
88,10/7/2011,FV,Pave,Reg,Gtl,Somerst,Norm,Norm,Gable
89,10/14/2011,C (all),Pave,IR1,Gtl,IDOTRR,Feedr,Feedr,Hip
90,10/21/2011,RL,Pave,Reg,Gtl,CollgCr,Norm,Norm,Gable
91,10/28/2011,RL,Pave,Reg,Gtl,NAmes,Norm,Norm,Gable
92,11/4/2011,RL,Pave,Reg,Gtl,NAmes,Norm,Norm,Hip
93,11/11/2011,RL,Pave,IR1,Gtl,Crawfor,Norm,Norm,Gable
94,11/18/2011,C (all),Pave,Reg,Gtl,OldTown,Norm,Norm,Hip
95,11/25/2011,RL,Pave,IR1,Gtl,CollgCr,Norm,Norm,Gable
96,12/2/2011,RL,Pave,IR2,Gtl,Gilbert,Norm,Norm,Gable
97,12/9/2011,RL,Pave,IR1,Gtl,CollgCr,Norm,Norm,Gable
98,12/16/2011,RL,Pave,Reg,Gtl,Edwards,Norm,Norm,Hip
99,12/23/2011,RL,Pave,Reg,Gtl,Edwards,Norm,Norm,Gable
100,12/30/2011,RL,Pave,IR1,Gtl,NAmes,Norm,Norm,Gable
101,1/6/2012,RL,Pave,IR1,Gtl,NWAmes,Norm,Norm,Gable
102,1/13/2012,RL,Pave,Reg,Gtl,SawyerW,Norm,Norm,Gable
103,1/20/2012,RL,Pave,Reg,Gtl,SawyerW,Norm,Norm,Gable
104,1/27/2012,RL,Pave,IR1,Gtl,CollgCr,Norm,Norm,Gable
105,2/3/2012,RM,Pave,Reg,Gtl,IDOTRR,Norm,Norm,Gable
106,2/10/2012,FV,Pave,Reg,Gtl,Somerst,Norm,Norm,Hip
107,2/17/2012,RM,Pave,Reg,Gtl,OldTown,Norm,Norm,Mansard
108,2/24/2012,RM,Pave,Reg,Gtl,OldTown,Norm,Norm,Gable
109,3/2/2012,RM,Pave,Reg,Gtl,IDOTRR,Artery,Norm,Gable
110,3/9/2012,RL,Pave,IR1,Gtl,NWAmes,Norm,Norm,Hip
111,3/16/2012,RL,Pave,Reg,Gtl,Edwards,Norm,Norm,Gable
112,3/23/2012,RL,Pave,IR1,Gtl,Gilbert,Norm,Norm,Gable
113,3/30/2012,RL,Pave,Reg,Gtl,CollgCr,Norm,Norm,Gable
114,4/6/2012,RL,Pave,Reg,Gtl,Crawfor,Norm,Norm,Hip
115,4/13/2012,RL,Pave,IR1,Mod,Crawfor,Norm,Norm,Gambrel
116,4/20/2012,FV,Pave,Reg,Gtl,Somerst,Norm,Norm,Gable
117,4/27/2012,RL,Pave,Reg,Gtl,Sawyer,Norm,Norm,Gable
118,5/4/2012,RL,Pave,Reg,Gtl,Edwards,Norm,Norm,Gable
119,5/11/2012,RL,Pave,Reg,Gtl,SawyerW,Norm,Norm,Hip
120,5/18/2012,RL,Pave,Reg,Gtl,CollgCr,Norm,Norm,Gable
121,5/25/2012,RL,Pave,IR1,Sev,ClearCr,Norm,Norm,Flat
122,6/1/2012,RM,Pave,Reg,Gtl,IDOTRR,Norm,Norm,Gable
123,6/8/2012,RL,Pave,Reg,Gtl,NAmes,Norm,Norm,Hip
124,6/15/2012,RL,Pave,Reg,Gtl,SawyerW,Norm,Norm,Gable
125,6/22/2012,RL,Pave,IR1,Gtl,NWAmes,Norm,Norm,Gable
126,6/29/2012,RM,Pave,Reg,Gtl,IDOTRR,Norm,Norm,Gable
127,7/6/2012,RL,Pave,IR1,Gtl,NPkVill,Norm,Norm,Gable
128,7/13/2012,RM,Pave,IR1,Gtl,OldTown,Feedr,Norm,Gable
129,7/20/2012,RL,Pave,Reg,Gtl,NAmes,PosN,Norm,Gable
130,7/27/2012,RL,Pave,Reg,Gtl,NAmes,Norm,Norm,Gable
131,8/3/2012,RL,Pave,Reg,Gtl,NAmes,Norm,Norm,Gable
132,8/10/2012,RL,Pave,IR1,Gtl,Gilbert,Norm,Norm,Gable
133,8/17/2012,RL,Pave,Reg,Gtl,NAmes,Norm,Norm,Gable
134,8/24/2012,RL,Pave,IR1,Gtl,Timber,Norm,Norm,Gable
135,8/31/2012,RL,Pave,IR1,Gtl,Sawyer,Norm,Norm,Gable
136,9/7/2012,RL,Pave,Reg,Gtl,NWAmes,Norm,Norm,Hip
137,9/14/2012,RL,Pave,IR1,Gtl,NAmes,Norm,Norm,Gable
138,9/21/2012,RL,Pave,Reg,Gtl,Mitchel,Norm,Norm,Gable
139,9/28/2012,RL,Pave,IR1,Gtl,CollgCr,Norm,Norm,Gable
140,10/5/2012,RL,Pave,IR1,Gtl,CollgCr,Norm,Norm,Gable
141,10/12/2012,RL,Pave,Reg,Gtl,NAmes,Norm,Norm,Gable
142,10/19/2012,RL,Pave,Reg,Gtl,CollgCr,Norm,Norm,Gable
143,10/26/2012,RL,Pave,Reg,Gtl,NAmes,Artery,Norm,Gable
144,2/5/2010,RL,Pave,IR1,Gtl,CollgCr,Norm,Norm,Gable
145,2/12/2010,RM,Pave,Reg,Gtl,Sawyer,RRAe,Norm,Gable
146,2/19/2010,RM,Pave,Reg,Gtl,Edwards,Norm,Norm,Gable
147,2/26/2010,RM,Pave,Reg,Gtl,BrkSide,Norm,Norm,Gable
148,3/5/2010,RL,Pave,IR1,Gtl,Gilbert,Norm,Norm,Gable
149,3/12/2010,RL,Pave,Reg,Gtl,SawyerW,Norm,Norm,Gable
150,3/19/2010,RM,Pave,Reg,Gtl,BrkSide,Norm,Norm,Gable
151,3/26/2010,RL,Pave,Reg,Gtl,CollgCr,Norm,Norm,Gable
152,4/2/2010,RL,Pave,Reg,Gtl,NridgHt,Norm,Norm,Hip
153,4/9/2010,RL,Pave,IR1,Gtl,NWAmes,Norm,Norm,Gable
154,4/16/2010,RL,Pave,Reg,Gtl,ClearCr,Norm,Norm,Flat
155,4/23/2010,RM,Pave,Reg,Gtl,OldTown,Norm,Norm,Gable
156,4/30/2010,RL,Pave,Reg,Gtl,Edwards,Artery,Norm,Gable
157,5/7/2010,RL,Pave,Reg,Gtl,NAmes,Norm,Norm,Hip
158,5/14/2010,RL,Pave,Reg,Gtl,Timber,Norm,Norm,Gable
159,5/21/2010,FV,Pave,Reg,Gtl,Somerst,Norm,Norm,Gable
160,5/28/2010,RL,Pave,IR1,Gtl,Gilbert,Norm,Norm,Gable
161,6/4/2010,RL,Pave,IR1,Gtl,Veenker,Norm,Norm,Gable
162,6/11/2010,RL,Pave,IR1,Gtl,NridgHt,Norm,Norm,Gable
163,6/18/2010,RL,Pave,Reg,Gtl,NridgHt,Norm,Norm,Gable
164,6/25/2010,RL,Pave,Reg,Gtl,OldTown,Norm,Norm,Gable
165,7/2/2010,RM,Pave,Reg,Gtl,OldTown,Norm,Norm,Gable
166,7/9/2010,RL,Pave,Reg,Gtl,Edwards,Norm,Norm,Gable
167,7/16/2010,RL,Pave,IR1,Gtl,ClearCr,Norm,Norm,Hip
168,7/23/2010,RL,Pave,Reg,Gtl,NridgHt,Norm,Norm,Gable
169,7/30/2010,RL,Pave,IR1,Gtl,Gilbert,Norm,Norm,Gable
170,8/6/2010,RL,Pave,IR1,Gtl,Timber,Norm,Norm,Hip
171,8/13/2010,RM,Pave,IR1,Gtl,OldTown,Feedr,Norm,Gable
172,8/20/2010,RL,Pave,IR1,Gtl,NAmes,Norm,Norm,Hip
173,8/27/2010,RL,Pave,IR1,Gtl,StoneBr,Norm,Norm,Gable
174,9/3/2010,RL,Pave,IR1,Gtl,NAmes,Norm,Norm,Gable
175,9/10/2010,RL,Pave,IR1,Gtl,Timber,Norm,Norm,Gable
176,9/17/2010,RL,Pave,Reg,Gtl,Edwards,Norm,Norm,Gable
177,9/24/2010,RL,Pave,IR1,Gtl,ClearCr,Norm,Norm,Gable
178,10/1/2010,RL,Pave,Reg,Gtl,Sawyer,Norm,Norm,Gable
179,10/8/2010,RL,Pave,IR1,Gtl,StoneBr,Norm,Norm,Hip
180,10/15/2010,RM,Pave,Reg,Gtl,OldTown,Norm,Norm,Gable
181,10/22/2010,FV,Pave,Reg,Gtl,Somerst,Norm,Norm,Gable
182,10/29/2010,RL,Pave,Reg,Gtl,Crawfor,Norm,Norm,Gable
183,11/5/2010,RL,Pave,Reg,Gtl,Edwards,Artery,Norm,Hip
184,11/12/2010,RM,Pave,Reg,Gtl,OldTown,Norm,Norm,Gable
185,11/19/2010,RL,Pave,IR1,Gtl,BrkSide,RRAn,Feedr,Gable
186,11/26/2010,RM,Pave,IR2,Gtl,OldTown,Artery,Norm,Gable
187,12/3/2010,RL,Pave,IR1,Gtl,Mitchel,Norm,Norm,Gable
188,12/10/2010,RL,Pave,Reg,Gtl,OldTown,Norm,Norm,Gable
189,12/17/2010,RL,Pave,Reg,Gtl,SawyerW,Feedr,Norm,Gable
190,12/24/2010,RL,Pave,Reg,Gtl,StoneBr,Norm,Norm,Gable
191,12/31/2010,RL,Pave,Reg,Mod,Crawfor,Norm,Norm,Hip
192,1/7/2011,RL,Pave,IR1,Gtl,NAmes,Norm,Norm,Gable
193,1/14/2011,RL,Pave,IR1,Gtl,CollgCr,Norm,Norm,Gable
194,1/21/2011,RM,Pave,Reg,Gtl,Edwards,Norm,Norm,Gable
195,1/28/2011,RL,Pave,IR1,Gtl,CollgCr,Norm,Norm,Hip
196,2/4/2011,RL,Pave,Reg,Gtl,NPkVill,Norm,Norm,Gable
197,2/11/2011,RL,Pave,Reg,Gtl,Somerst,Norm,Norm,Hip
198,2/18/2011,RL,Pave,Reg,Gtl,NAmes,Artery,Norm,Gable
199,2/25/2011,RM,Pave,Reg,Gtl,OldTown,Norm,Norm,Gable
200,3/4/2011,RL,Pave,Reg,Gtl,NridgHt,Norm,Norm,Hip
201,3/11/2011,RM,Pave,Reg,Gtl,Edwards,Norm,Norm,Gable
202,3/18/2011,RL,Pave,Reg,Gtl,Mitchel,Norm,Norm,Gable
203,3/25/2011,RL,Pave,Reg,Gtl,OldTown,Artery,Norm,Gable
204,4/1/2011,RM,Pave,Reg,Gtl,CollgCr,Norm,Norm,Gable
205,4/8/2011,RM,Pave,Reg,Gtl,OldTown,Norm,Norm,Gable
206,4/15/2011,RL,Pave,Reg,Gtl,Gilbert,Norm,Norm,Gable
207,4/22/2011,RL,Pave,IR1,Gtl,Sawyer,RRAe,Norm,Gable
208,4/29/2011,RL,Pave,IR1,Gtl,NAmes,Norm,Norm,Gable
209,5/6/2011,RL,Pave,IR1,Mod,SawyerW,Norm,Norm,Gable
210,5/13/2011,RL,Pave,Reg,Gtl,NAmes,Norm,Norm,Hip
211,5/20/2011,RL,Pave,Reg,Gtl,Edwards,Norm,Norm,Gable
212,5/27/2011,RL,Pave,Reg,Gtl,Edwards,Norm,Norm,Gable
213,6/3/2011,FV,Pave,Reg,Gtl,Somerst,Norm,Norm,Gable
214,6/10/2011,RL,Pave,IR2,Gtl,CollgCr,Norm,Norm,Gable
215,6/17/2011,RL,Pave,IR1,Gtl,CollgCr,Norm,Norm,Gable
216,6/24/2011,RL,Pave,IR1,Gtl,NAmes,Norm,Norm,Gable
217,7/1/2011,RL,Pave,Reg,Gtl,CollgCr,Norm,Norm,Gable
218,7/8/2011,RM,Pave,Reg,Gtl,OldTown,Norm,Norm,Gable
219,7/15/2011,RL,Pave,IR1,Gtl,Crawfor,Norm,Norm,Gable
220,7/22/2011,RL,Pave,Reg,Gtl,Blmngtn,Norm,Norm,Gable
221,7/29/2011,RL,Pave,IR1,Gtl,CollgCr,Norm,Norm,Gable
222,8/5/2011,RL,Pave,IR1,Gtl,Gilbert,Norm,Norm,Gable
223,8/12/2011,RL,Pave,Reg,Gtl,NWAmes,RRAn,Norm,Gable
224,8/19/2011,RL,Pave,Reg,Gtl,NAmes,Norm,Norm,Gable
225,8/26/2011,RL,Pave,Reg,Gtl,NridgHt,Norm,Norm,Hip
226,9/2/2011,RM,Pave,Reg,Gtl,BrDale,Norm,Norm,Gable
227,9/9/2011,RL,Pave,IR1,Gtl,NoRidge,Norm,Norm,Gable
228,9/16/2011,RM,Pave,Reg,Gtl,BrDale,Norm,Norm,Gable
229,9/23/2011,RL,Pave,Reg,Gtl,Sawyer,Feedr,Norm,Gable
230,9/30/2011,RL,Pave,Reg,Gtl,Blmngtn,Norm,Norm,Gable
231,10/7/2011,RL,Pave,Reg,Gtl,NAmes,Norm,Norm,Hip
232,10/14/2011,RL,Pave,IR1,Gtl,NoRidge,Norm,Norm,Gable
233,10/21/2011,RM,Pave,Reg,Gtl,BrDale,Norm,Norm,Gable
234,10/28/2011,RL,Pave,Reg,Gtl,CollgCr,Norm,Norm,Gable
235,11/4/2011,RL,Pave,Reg,Gtl,Gilbert,Norm,Norm,Gable
236,11/11/2011,RM,Pave,Reg,Gtl,BrDale,Norm,Norm,Gable
237,11/18/2011,RL,Pave,Reg,Gtl,CollgCr,Norm,Norm,Gable
238,11/25/2011,RL,Pave,IR1,Gtl,SawyerW,RRNe,Norm,Gable
239,12/2/2011,RL,Pave,Reg,Gtl,NridgHt,Norm,Norm,Hip
240,12/9/2011,RL,Pave,Reg,Gtl,Edwards,Norm,Norm,Gable
241,12/16/2011,FV,Pave,Reg,Gtl,Somerst,Norm,Norm,Gable
242,12/23/2011,RM,Pave,Reg,Gtl,OldTown,Norm,Norm,Gable
243,12/30/2011,RM,Pave,Reg,Gtl,OldTown,Norm,Norm,Gable
244,1/6/2012,RL,Pave,Reg,Gtl,SawyerW,Norm,Norm,Gable
245,1/13/2012,RL,Pave,IR1,Gtl,SawyerW,Norm,Norm,Gable
246,1/20/2012,RL,Pave,Reg,Gtl,NWAmes,Norm,Norm,Gable
247,1/27/2012,RM,Pave,Reg,Gtl,OldTown,Norm,Norm,Gable
248,2/3/2012,RL,Pave,Reg,Gtl,NAmes,Norm,Norm,Hip
249,2/10/2012,RL,Pave,Reg,Gtl,CollgCr,Norm,Norm,Gable
250,2/17/2012,RL,Pave,IR2,Sev,ClearCr,Norm,Norm,Gable
251,2/24/2012,RL,Pave,IR1,Gtl,BrkSide,Norm,Norm,Gable
252,3/2/2012,RM,Pave,IR1,Mod,Crawfor,Norm,Norm,Hip
253,3/9/2012,RL,Pave,IR1,Gtl,SawyerW,Norm,Norm,Gable
254,3/16/2012,RL,Pave,Reg,Gtl,NAmes,Norm,Norm,Hip
255,3/23/2012,RL,Pave,Reg,Gtl,NAmes,Norm,Norm,Gable
256,3/30/2012,RL,Pave,IR1,Gtl,Gilbert,Norm,Norm,Gable
257,4/6/2012,FV,Pave,IR1,Gtl,Somerst,Norm,Norm,Gable
258,4/13/2012,RL,Pave,Reg,Gtl,CollgCr,Norm,Norm,Gable
259,4/20/2012,RL,Pave,Reg,Gtl,CollgCr,Norm,Norm,Gable
260,4/27/2012,RM,Pave,Reg,Gtl,OldTown,Norm,Norm,Gable
261,5/4/2012,RL,Pave,Reg,Gtl,NAmes,Artery,Norm,Gable
262,5/11/2012,RL,Pave,IR1,Gtl,CollgCr,Norm,Norm,Gable
263,5/18/2012,RL,Pave,IR1,Gtl,Sawyer,Norm,Norm,Gable
264,5/25/2012,RM,Pave,Reg,Gtl,OldTown,Norm,Norm,Gable
265,6/1/2012,RM,Pave,IR3,Gtl,OldTown,Artery,Norm,Gable
266,6/8/2012,RL,Pave,IR1,Gtl,NWAmes,Norm,Norm,Gable
267,6/15/2012,RL,Pave,IR1,Gtl,Gilbert,Norm,Norm,Gable
268,6/22/2012,RL,Pave,Reg,Mod,SWISU,Norm,Norm,Gable
269,6/29/2012,RM,Pave,Reg,Gtl,IDOTRR,Norm,Norm,Gable
270,7/6/2012,RL,Pave,IR1,Gtl,Edwards,Norm,Norm,Hip
271,7/13/2012,FV,Pave,Reg,Gtl,Somerst,Norm,Norm,Gable
272,7/20/2012,RL,Pave,IR1,Sev,ClearCr,Norm,Norm,Flat
273,7/27/2012,RL,Pave,IR1,Gtl,NoRidge,Norm,Norm,Gable
274,8/3/2012,RL,Pave,Reg,Gtl,NAmes,Feedr,Norm,Hip
275,8/10/2012,RL,Pave,Reg,Gtl,Mitchel,Norm,Norm,Gable
276,8/17/2012,RL,Pave,Reg,Gtl,BrkSide,Norm,Norm,Gable
277,8/24/2012,RL,Pave,IR1,Gtl,Mitchel,Norm,Norm,Gable
278,8/31/2012,RL,Pave,Reg,Gtl,Gilbert,Norm,Norm,Gable
279,9/7/2012,RL,Pave,Reg,Gtl,NridgHt,Norm,Norm,Gable
280,9/14/2012,RL,Pave,Reg,Gtl,ClearCr,Norm,Norm,Hip
281,9/21/2012,RL,Pave,Reg,Gtl,SawyerW,Norm,Norm,Gable
282,9/28/2012,FV,Pave,Reg,Gtl,Somerst,Norm,Norm,Gable
283,10/5/2012,RL,Pave,Reg,Gtl,NridgHt,Norm,Norm,Gable
284,10/12/2012,RL,Pave,Reg,Gtl,Somerst,Feedr,Norm,Gable
285,10/19/2012,RL,Pave,Reg,Gtl,SawyerW,Norm,Norm,Gable
286,10/26/2012,FV,Pave,IR1,Gtl,Somerst,Norm,Norm,Gable
287,2/5/2010,RL,Pave,IR1,Gtl,NAmes,Norm,Norm,Gable
288,2/12/2010,RL,Pave,IR1,Gtl,NAmes,Norm,Norm,Gable
289,2/19/2010,RL,Pave,IR1,Gtl,Sawyer,Norm,Norm,Gable
290,2/26/2010,RL,Pave,Reg,Gtl,BrkSide,RRAn,Norm,Gable
291,3/5/2010,RL,Pave,Reg,Gtl,CollgCr,Norm,Norm,Gable
292,3/12/2010,RL,Pave,Reg,Gtl,SWISU,Norm,Norm,Gable
293,3/19/2010,RL,Pave,Reg,Gtl,Edwards,Norm,Norm,Gable
294,3/26/2010,RL,Pave,IR1,Gtl,NWAmes,PosA,Norm,Gable
295,4/2/2010,RL,Pave,Reg,Gtl,NAmes,Norm,Norm,Hip
296,4/9/2010,RL,Pave,IR1,Gtl,Mitchel,Norm,Norm,Gable
297,4/16/2010,RM,Pave,Reg,Gtl,IDOTRR,Norm,Norm,Gable
298,4/23/2010,FV,Pave,IR1,Gtl,Somerst,Norm,Norm,Hip
299,4/30/2010,RL,Pave,Reg,Gtl,NWAmes,Norm,Norm,Mansard
300,5/7/2010,RL,Pave,Reg,Gtl,Crawfor,Norm,Norm,Gable
301,5/14/2010,RL,Pave,Reg,Gtl,Crawfor,Norm,Norm,Hip
302,5/21/2010,RL,Pave,IR3,Gtl,CollgCr,Norm,Norm,Gable
303,5/28/2010,RL,Pave,IR1,Gtl,CollgCr,Norm,Norm,Gable
304,6/4/2010,RL,Pave,Reg,Gtl,CollgCr,Norm,Norm,Gable
305,6/11/2010,RM,Pave,Reg,Gtl,OldTown,Norm,Norm,Gable
306,6/18/2010,RL,Pave,Reg,Gtl,CollgCr,Norm,Norm,Gable
307,6/25/2010,RL,Pave,Reg,Gtl,SawyerW,Feedr,Norm,Gable
308,7/2/2010,RM,Pave,IR1,Gtl,IDOTRR,Artery,Norm,Gable
309,7/9/2010,RL,Pave,IR1,Gtl,Edwards,Norm,Norm,Gable
310,7/16/2010,RL,Pave,IR1,Gtl,NridgHt,Norm,Norm,Gable
311,7/23/2010,RL,Pave,IR1,Gtl,Gilbert,Norm,Norm,Gable
312,7/30/2010,RL,Pave,Reg,Gtl,NAmes,Norm,Norm,Gable
313,8/6/2010,RM,Pave,Reg,Gtl,OldTown,Artery,Norm,Gable
314,8/13/2010,RL,Pave,IR3,Sev,Timber,Norm,Norm,Hip
315,8/20/2010,RM,Pave,Reg,Gtl,OldTown,Norm,Norm,Gable
316,8/27/2010,RL,Pave,IR1,Gtl,Gilbert,Norm,Norm,Gable
317,9/3/2010,RL,Pave,IR1,Gtl,NWAmes,Norm,Norm,Gable
318,9/10/2010,FV,Pave,Reg,Gtl,Somerst,Norm,Norm,Gable
319,9/17/2010,RL,Pave,Reg,Mod,NoRidge,Norm,Norm,Gable
320,9/24/2010,RL,Pave,Reg,Gtl,NWAmes,Norm,Norm,Gable
321,10/1/2010,RL,Pave,Reg,Gtl,NridgHt,Norm,Norm,Gable
322,10/8/2010,RL,Pave,IR1,Gtl,NridgHt,Norm,Norm,Gable
323,10/15/2010,RL,Pave,IR1,Gtl,SawyerW,Norm,Norm,Gable
324,10/22/2010,RM,Pave,Reg,Gtl,OldTown,Norm,Norm,Gable
325,10/29/2010,RL,Pave,Reg,Gtl,NAmes,PosN,Norm,Mansard
326,11/5/2010,RM,Pave,Reg,Gtl,IDOTRR,RRAe,Norm,Gable
327,11/12/2010,RL,Pave,IR1,Gtl,Veenker,Norm,Norm,Gable
328,11/19/2010,RL,Pave,Reg,Gtl,NAmes,Norm,Norm,Hip
329,11/26/2010,RL,Pave,IR1,Gtl,BrkSide,PosN,Norm,Gable
330,12/3/2010,RM,Pave,Reg,Gtl,IDOTRR,Norm,Norm,Gable
331,12/10/2010,RL,Pave,IR1,Gtl,NAmes,Norm,Norm,Gable
332,12/17/2010,RL,Pave,Reg,Gtl,NAmes,Norm,Norm,Gable
333,12/24/2010,RL,Pave,IR1,Gtl,NridgHt,Norm,Norm,Gable
334,12/31/2010,RM,Pave,Reg,Gtl,NridgHt,Norm,Norm,Gable
335,1/7/2011,RL,Pave,IR1,Gtl,Gilbert,Norm,Norm,Gable
336,1/14/2011,RL,Grvl,IR1,Sev,Timber,Norm,Norm,Gable
337,1/21/2011,RL,Pave,IR1,Gtl,StoneBr,Norm,Norm,Hip
338,1/28/2011,RL,Pave,Reg,Gtl,CollgCr,Norm,Norm,Gable
339,2/4/2011,RL,Pave,Reg,Gtl,NWAmes,Norm,Norm,Gable
340,2/11/2011,RL,Pave,IR1,Gtl,NAmes,Feedr,Norm,Hip
341,2/18/2011,RL,Pave,Reg,Gtl,Timber,Norm,Norm,Gable
342,2/25/2011,RH,Pave,Reg,Gtl,SawyerW,Feedr,Norm,Gable
343,3/4/2011,RL,Pave,Reg,Gtl,NAmes,Norm,Norm,Gable
344,3/11/2011,RL,Pave,IR1,Gtl,NridgHt,Norm,Norm,Hip
345,3/18/2011,RM,Pave,Reg,Gtl,MeadowV,Norm,Norm,Gable
346,3/25/2011,RL,Pave,Reg,Gtl,BrkSide,RRAn,Norm,Gable
347,4/1/2011,RL,Pave,IR1,Gtl,NAmes,Norm,Norm,Hip
348,4/8/2011,RL,Pave,IR1,Gtl,NAmes,Norm,Norm,Gable
349,4/15/2011,RL,Pave,Reg,Gtl,NridgHt,Norm,Norm,Gable
350,4/22/2011,RL,Pave,IR2,Gtl,NridgHt,Norm,Norm,Hip
351,4/29/2011,RL,Pave,IR1,Gtl,NridgHt,Norm,Norm,Hip
352,5/6/2011,RL,Pave,IR1,Mod,ClearCr,Norm,Norm,Gable
353,5/13/2011,RL,Pave,Reg,Gtl,Edwards,Artery,Norm,Gable
354,5/20/2011,RM,Pave,Reg,Gtl,OldTown,Norm,Norm,Gable
355,5/27/2011,RL,Pave,Reg,Gtl,SWISU,Norm,Norm,Gable
356,6/3/2011,RL,Pave,IR2,Gtl,CollgCr,Norm,Norm,Gable
357,6/10/2011,RL,Pave,IR1,Gtl,Gilbert,Norm,Norm,Gable
358,6/17/2011,RM,Pave,Reg,Gtl,MeadowV,Norm,Norm,Gable
359,6/24/2011,RL,Pave,IR1,Gtl,ClearCr,Norm,Norm,Hip
360,7/1/2011,RL,Pave,IR1,Gtl,NoRidge,Norm,Norm,Gable
361,7/8/2011,RL,Pave,IR1,Gtl,Mitchel,Norm,Norm,Gable
362,7/15/2011,RL,Pave,Reg,Gtl,BrkSide,Norm,Norm,Gable
363,7/22/2011,RL,Pave,Reg,Gtl,Edwards,Norm,Norm,Gable
364,7/29/2011,RM,Pave,Reg,Gtl,BrDale,Norm,Norm,Gable
365,8/5/2011,RL,Pave,IR1,Gtl,NWAmes,Norm,Norm,Gable
366,8/12/2011,RM,Pave,Reg,Gtl,IDOTRR,Norm,Norm,Hip
367,8/19/2011,RL,Pave,IR1,Gtl,NAmes,Norm,Norm,Gable
368,8/26/2011,RL,Pave,IR1,Gtl,NAmes,Norm,Norm,Gable
369,9/2/2011,RL,Pave,Reg,Gtl,NAmes,Norm,Norm,Gable
370,9/9/2011,RL,Pave,IR1,Gtl,NAmes,Norm,Norm,Gable
371,9/16/2011,RL,Pave,IR1,Gtl,Gilbert,Norm,Norm,Gable
372,9/23/2011,RL,Pave,Reg,Gtl,ClearCr,Feedr,Norm,Gable
373,9/30/2011,RL,Pave,Reg,Gtl,SawyerW,Norm,Norm,Gable
374,10/7/2011,RL,Pave,Reg,Gtl,NAmes,Norm,Norm,Gable
375,10/14/2011,RL,Pave,Reg,Gtl,CollgCr,Norm,Norm,Gable
376,10/21/2011,RL,Pave,IR1,Sev,Edwards,Norm,Norm,Gable
377,10/28/2011,RL,Pave,IR1,Gtl,CollgCr,Norm,Norm,Gable
378,11/4/2011,FV,Pave,IR1,Gtl,Somerst,Norm,Norm,Gable
379,11/11/2011,RL,Pave,Reg,Gtl,StoneBr,Norm,Norm,Hip
380,11/18/2011,RL,Pave,IR1,Gtl,Gilbert,RRAn,Norm,Gable
381,11/25/2011,RL,Pave,Reg,Gtl,SWISU,Norm,Norm,Gable
382,12/2/2011,FV,Pave,Reg,Gtl,Somerst,Norm,Norm,Gable
383,12/9/2011,RL,Pave,IR1,Gtl,CollgCr,Norm,Norm,Gable
384,12/16/2011,RH,Pave,Reg,Gtl,SawyerW,Norm,Norm,Gable
385,12/23/2011,RL,Pave,IR2,Mod,ClearCr,Feedr,Norm,Gable
386,12/30/2011,RL,Pave,Reg,Gtl,Blmngtn,Norm,Norm,Gable
387,1/6/2012,RL,Pave,Reg,Gtl,Edwards,Feedr,Norm,Gambrel
388,1/13/2012,RL,Pave,Reg,Gtl,Edwards,Norm,Norm,Hip
389,1/20/2012,RL,Pave,IR1,Gtl,CollgCr,Norm,Norm,Gable
390,1/27/2012,RL,Pave,Reg,Gtl,NridgHt,Norm,Norm,Gable
391,2/3/2012,RL,Pave,Reg,Gtl,Edwards,Norm,Norm,Gable
392,2/10/2012,RL,Pave,IR1,Gtl,Mitchel,Norm,Norm,Gable
393,2/17/2012,RL,Pave,IR1,Gtl,NAmes,Norm,Norm,Gable
394,2/24/2012,RL,Pave,Reg,Gtl,BrkSide,Feedr,Norm,Gable
395,3/2/2012,RL,Pave,Reg,Gtl,OldTown,Norm,Norm,Gable
396,3/9/2012,RL,Pave,Reg,Gtl,Edwards,Norm,Norm,Gable
397,3/16/2012,RL,Pave,Reg,Gtl,CollgCr,Norm,Norm,Hip
398,3/23/2012,RL,Pave,Reg,Gtl,NAmes,PosN,Norm,Gable
399,3/30/2012,RM,Pave,Reg,Gtl,IDOTRR,Norm,Norm,Gable
400,4/6/2012,FV,Pave,Reg,Gtl,Somerst,Norm,Norm,Gable
401,4/13/2012,RL,Pave,IR2,Gtl,Veenker,Norm,Norm,Gable
402,4/20/2012,RL,Pave,IR1,Gtl,CollgCr,Norm,Norm,Gable
403,4/27/2012,RL,Pave,Reg,Gtl,Sawyer,Norm,Norm,Gable
404,5/4/2012,RL,Pave,Reg,Gtl,NoRidge,Norm,Norm,Hip
405,5/11/2012,RL,Pave,IR1,Gtl,Gilbert,Norm,Norm,Gable
406,5/18/2012,RL,Pave,IR1,Gtl,Sawyer,Feedr,Norm,Gable
407,5/25/2012,RL,Pave,Reg,Gtl,SWISU,Norm,Norm,Gable
408,6/1/2012,RL,Pave,Reg,Gtl,Crawfor,Norm,Norm,Gable
409,6/8/2012,RL,Pave,Reg,Gtl,NridgHt,Norm,Norm,Gable
410,6/15/2012,FV,Pave,Reg,Gtl,Somerst,Norm,Norm,Gable
411,6/22/2012,RL,Pave,Reg,Gtl,Edwards,Norm,Norm,Gable
412,6/29/2012,RL,Pave,Reg,Gtl,Gilbert,Norm,Norm,Hip
413,7/6/2012,FV,Pave,IR2,Gtl,Somerst,Norm,Norm,Gable
414,7/13/2012,RM,Pave,Reg,Gtl,OldTown,Artery,Norm,Gable
415,7/20/2012,RL,Pave,IR2,Gtl,SawyerW,Norm,Norm,Gable
416,7/27/2012,RL,Pave,IR1,Gtl,Gilbert,Norm,Norm,Gable
417,8/3/2012,RL,Pave,Reg,Gtl,Sawyer,Norm,Norm,Hip
418,8/10/2012,RL,Pave,IR1,Gtl,Crawfor,Feedr,Norm,Hip
419,8/17/2012,RL,Pave,Reg,Gtl,Edwards,Norm,Norm,Gable
420,8/24/2012,RL,Pave,Reg,Gtl,NAmes,Norm,Norm,Gable
421,8/31/2012,RM,Pave,Reg,Gtl,Mitchel,Norm,Norm,Gable
422,9/7/2012,RL,Pave,IR1,Gtl,NWAmes,Norm,Norm,Gable
423,9/14/2012,RL,Pave,Reg,Mod,Mitchel,Artery,Norm,Hip
424,9/21/2012,RL,Pave,Reg,Gtl,NoRidge,Norm,Norm,Gable
425,9/28/2012,RL,Pave,Reg,Gtl,NAmes,Norm,Norm,Gable
426,10/5/2012,RM,Pave,Reg,Gtl,OldTown,Norm,Norm,Gable
427,10/12/2012,RL,Pave,Reg,Mod,SawyerW,Norm,Norm,Gable
428,10/19/2012,RL,Pave,IR1,Gtl,NAmes,Norm,Norm,Hip
429,10/26/2012,RL,Pave,Reg,Gtl,CollgCr,Norm,Norm,Gable
430,2/5/2010,RL,Pave,IR1,Gtl,Timber,Norm,Norm,Gable
431,2/12/2010,RM,Pave,Reg,Gtl,BrDale,Norm,Norm,Gable
432,2/19/2010,RM,Pave,IR1,Gtl,OldTown,Feedr,Norm,Gable
433,2/26/2010,RM,Pave,Reg,Gtl,BrDale,Norm,Norm,Gable
434,3/5/2010,RL,Pave,IR1,Gtl,Gilbert,Norm,Norm,Gable
435,3/12/2010,RM,Pave,Reg,Gtl,MeadowV,Norm,Norm,Gable
436,3/19/2010,RL,Pave,IR2,Gtl,CollgCr,PosN,Norm,Gable
437,3/26/2010,RM,Pave,Reg,Gtl,OldTown,Norm,Norm,Gable
438,4/2/2010,RM,Pave,Reg,Gtl,BrkSide,Norm,Norm,Gable
439,4/9/2010,RL,Pave,Reg,Gtl,Crawfor,Norm,Norm,Gable
440,4/16/2010,RL,Pave,Reg,Gtl,Edwards,Norm,Norm,Gable
441,4/23/2010,RL,Pave,Reg,Gtl,NridgHt,Norm,Norm,Hip
442,4/30/2010,RL,Pave,Reg,Gtl,Edwards,Norm,Norm,Gable
443,5/7/2010,RM,Pave,Reg,Gtl,BrkSide,Norm,Norm,Gable
444,5/14/2010,RL,Pave,Reg,Gtl,Blmngtn,Norm,Norm,Gable
445,5/21/2010,RL,Pave,Reg,Gtl,CollgCr,Norm,Norm,Gable
446,5/28/2010,RL,Pave,Reg,Gtl,Edwards,Norm,Norm,Hip
447,6/4/2010,RL,Pave,IR1,Gtl,NAmes,PosA,Norm,Gable
448,6/11/2010,RL,Pave,IR1,Gtl,Gilbert,Norm,Norm,Gable
449,6/18/2010,RM,Pave,Reg,Gtl,IDOTRR,Norm,Norm,Gable
450,6/25/2010,RM,Pave,Reg,Gtl,OldTown,Norm,Norm,Gable
451,7/2/2010,RM,Pave,Reg,Gtl,OldTown,Norm,Norm,Hip
452,7/9/2010,RL,Pave,IR1,Mod,ClearCr,Norm,Norm,Gable
453,7/16/2010,RL,Pave,IR1,Gtl,Timber,Norm,Norm,Hip
454,7/23/2010,FV,Pave,Reg,Gtl,Somerst,Norm,Norm,Gable
455,7/30/2010,RL,Pave,Reg,Gtl,Mitchel,Norm,Norm,Gable
456,8/6/2010,RL,Pave,Reg,Gtl,NWAmes,Norm,Norm,Hip
457,8/13/2010,RM,Pave,Reg,Gtl,OldTown,Norm,Norm,Gable
458,8/20/2010,RL,Pave,IR1,Mod,ClearCr,Norm,Norm,Flat
459,8/27/2010,RM,Pave,Reg,Gtl,OldTown,Norm,Norm,Hip
460,9/3/2010,RL,Pave,IR1,Gtl,BrkSide,Norm,Norm,Gable
461,9/10/2010,FV,Pave,IR1,Gtl,Somerst,RRAn,Norm,Gable
462,9/17/2010,RL,Pave,Reg,Gtl,SWISU,Feedr,Norm,Gable
463,9/24/2010,RL,Pave,IR1,Gtl,Sawyer,Norm,Norm,Gable
464,10/1/2010,RL,Pave,IR1,Mod,Crawfor,Norm,Norm,Hip
465,10/8/2010,RL,Pave,Reg,Mod,CollgCr,Norm,Norm,Gable
466,10/15/2010,RM,Pave,Reg,Gtl,Blmngtn,Norm,Norm,Hip
467,10/22/2010,RL,Pave,Reg,Gtl,NAmes,Norm,Norm,Flat
468,10/29/2010,RL,Pave,Reg,Gtl,NAmes,Artery,Norm,Gable
469,11/5/2010,RL,Pave,IR1,Gtl,NridgHt,Norm,Norm,Gable
470,11/12/2010,RL,Pave,IR1,Gtl,SawyerW,RRNe,Norm,Gable
471,11/19/2010,RL,Pave,IR1,Gtl,StoneBr,Norm,Norm,Gable
472,11/26/2010,RL,Pave,Reg,Gtl,NWAmes,PosA,Norm,Mansard
473,12/3/2010,RM,Pave,Reg,Gtl,Edwards,Norm,Norm,Gable
474,12/10/2010,RL,Pave,IR1,Gtl,NridgHt,Norm,Norm,Gable
475,12/17/2010,RL,Pave,Reg,Gtl,StoneBr,Norm,Norm,Gable
476,12/24/2010,RL,Pave,Reg,Gtl,Sawyer,Norm,Norm,Hip
477,12/31/2010,RL,Pave,Reg,Mod,CollgCr,Norm,Norm,Gable
478,1/7/2011,RL,Pave,Reg,Gtl,NridgHt,Norm,Norm,Hip
479,1/14/2011,RL,Pave,Reg,Gtl,CollgCr,Norm,Norm,Hip
480,1/21/2011,RM,Pave,Reg,Gtl,OldTown,Norm,Norm,Hip
481,1/28/2011,RL,Pave,IR1,Gtl,NridgHt,Norm,Norm,Hip
482,2/4/2011,RL,Pave,IR1,Gtl,NridgHt,Norm,Norm,Hip
483,2/11/2011,RM,Pave,Reg,Gtl,OldTown,Norm,Norm,Gable
484,2/18/2011,RM,Pave,Reg,Gtl,Mitchel,Norm,Norm,Hip
485,2/25/2011,RL,Pave,IR1,Gtl,Sawyer,Norm,Norm,Gable
486,3/4/2011,RL,Pave,Reg,Gtl,NAmes,Norm,Norm,Gable
487,3/11/2011,RL,Pave,Reg,Gtl,NAmes,Norm,Norm,Hip
488,3/18/2011,RL,Pave,IR1,Gtl,NWAmes,Norm,Norm,Gable
489,3/25/2011,RL,Pave,Reg,Gtl,OldTown,Norm,Norm,Gable
490,4/1/2011,RM,Pave,Reg,Gtl,MeadowV,Norm,Norm,Gable
491,4/8/2011,RM,Pave,Reg,Gtl,MeadowV,Norm,Norm,Gable
492,4/15/2011,RL,Pave,Reg,Gtl,NAmes,Artery,Norm,Gable
493,4/22/2011,RL,Pave,IR1,Gtl,Gilbert,Norm,Norm,Gable
494,4/29/2011,RL,Pave,Reg,Gtl,NAmes,Norm,Norm,Gable
495,5/6/2011,RM,Pave,Reg,Gtl,OldTown,Artery,Norm,Gable
496,5/13/2011,C (all),Pave,Reg,Gtl,IDOTRR,Norm,Norm,Gable
497,5/20/2011,RL,Pave,IR1,Gtl,NoRidge,Norm,Norm,Hip
498,5/27/2011,RL,Pave,Reg,Gtl,BrkSide,Norm,Norm,Gable
499,6/3/2011,RL,Pave,Reg,Gtl,Sawyer,Norm,Norm,Hip
500,6/10/2011,RL,Pave,IR1,Gtl,NAmes,Norm,Norm,Gable
501,6/17/2011,RM,Pave,Reg,Gtl,BrDale,Norm,Norm,Gable
502,6/24/2011,FV,Pave,Reg,Gtl,Somerst,Norm,Norm,Gable
503,7/1/2011,RL,Pave,Reg,Gtl,Edwards,Feedr,Norm,Hip
504,7/8/2011,RL,Pave,IR1,Gtl,Crawfor,Norm,Norm,Gable
505,7/15/2011,RL,Pave,Reg,Gtl,NPkVill,Norm,Norm,Gable
506,7/22/2011,RM,Pave,Reg,Gtl,OldTown,Artery,Norm,Hip
507,7/29/2011,RL,Pave,IR1,Gtl,SawyerW,Norm,Norm,Gable
508,8/5/2011,FV,Pave,IR1,Gtl,Somerst,Norm,Norm,Gable
509,8/12/2011,RM,Pave,Reg,Gtl,OldTown,Norm,Norm,Gambrel
510,8/19/2011,RL,Pave,Reg,Gtl,NAmes,Norm,Norm,Gable
511,8/26/2011,RL,Pave,Reg,Gtl,NAmes,Norm,Norm,Hip
512,9/2/2011,RL,Pave,IR1,Gtl,NridgHt,Norm,Norm,Gable
513,9/9/2011,RL,Pave,Reg,Gtl,NAmes,Feedr,Norm,Gable
514,9/16/2011,RL,Pave,Reg,Gtl,Mitchel,Norm,Norm,Gable
515,9/23/2011,RL,Pave,Reg,Gtl,Crawfor,Norm,Norm,Gable
516,9/30/2011,RL,Pave,Reg,Gtl,NridgHt,Norm,Norm,Hip
517,10/7/2011,RL,Pave,IR1,Gtl,NWAmes,Norm,Norm,Gable
518,10/14/2011,RL,Pave,IR1,Gtl,NoRidge,Norm,Norm,Gable
519,10/21/2011,RL,Pave,IR1,Gtl,CollgCr,Norm,Norm,Gable
520,10/28/2011,RL,Pave,Reg,Gtl,Crawfor,Norm,Norm,Gambrel
521,11/4/2011,RL,Pave,Reg,Gtl,OldTown,Norm,Norm,Gable
522,11/11/2011,RL,Pave,IR1,Gtl,NAmes,Feedr,Norm,Gable
523,11/18/2011,RM,Pave,Reg,Gtl,BrkSide,Feedr,Norm,Gable
524,11/25/2011,RL,Pave,IR1,Gtl,Edwards,PosN,PosN,Hip
525,12/2/2011,RL,Pave,IR1,Gtl,NoRidge,Norm,Norm,Gable
526,12/9/2011,FV,Pave,Reg,Gtl,Somerst,Norm,Norm,Gable
527,12/16/2011,RL,Pave,Reg,Gtl,NAmes,Norm,Norm,Hip
528,12/23/2011,RL,Pave,IR1,Gtl,NridgHt,Norm,Norm,Hip
529,12/30/2011,RL,Pave,IR1,Gtl,Edwards,Norm,Norm,Gable
530,1/6/2012,RL,Pave,IR1,Gtl,Crawfor,Norm,Norm,Hip
531,1/13/2012,RL,Pave,Reg,Gtl,Timber,Norm,Norm,Gable
532,1/20/2012,RM,Pave,IR1,Gtl,BrkSide,RRNn,Feedr,Gable
533,1/27/2012,RL,Pave,Reg,Gtl,NAmes,Norm,Norm,Gable
534,2/3/2012,RL,Pave,Reg,Mod,BrkSide,Norm,Norm,Gable
535,2/10/2012,RL,Pave,IR1,Gtl,Gilbert,Norm,Norm,Gable
536,2/17/2012,RL,Pave,Reg,Gtl,Edwards,Norm,Norm,Gable
537,2/24/2012,RL,Pave,IR1,Gtl,CollgCr,Norm,Norm,Gable
538,3/2/2012,RL,Pave,IR1,Gtl,NAmes,Norm,Norm,Hip
539,3/9/2012,RL,Pave,IR1,Gtl,Sawyer,Norm,Norm,Hip
540,3/16/2012,RL,Pave,Reg,Gtl,CollgCr,Norm,Norm,Gable
541,3/23/2012,RL,Pave,Reg,Gtl,Timber,Norm,Norm,Hip
542,3/30/2012,RL,Pave,Reg,Gtl,NoRidge,Norm,Norm,Gable
543,4/6/2012,RL,Pave,Reg,Gtl,NWAmes,RRAn,Norm,Hip
544,4/13/2012,RH,Pave,Reg,Gtl,NAmes,Norm,Norm,Gable
545,4/20/2012,RL,Pave,IR1,Gtl,Gilbert,Norm,Norm,Gable
546,4/27/2012,RL,Pave,IR1,Gtl,NWAmes,Norm,Norm,Gable
547,5/4/2012,RL,Pave,IR1,Gtl,BrkSide,Norm,Norm,Gable
548,5/11/2012,RL,Pave,Reg,Gtl,Mitchel,Norm,Norm,Gable
549,5/18/2012,RM,Pave,IR1,Gtl,OldTown,Feedr,RRNn,Gable
550,5/25/2012,FV,Pave,Reg,Gtl,Somerst,Norm,Norm,Gable
551,6/1/2012,RL,Pave,Reg,Gtl,NPkVill,Norm,Norm,Gable
552,6/8/2012,RM,Pave,Reg,Gtl,OldTown,Norm,Norm,Hip
553,6/15/2012,RL,Pave,IR1,Gtl,NridgHt,Norm,Norm,Gable
554,6/22/2012,RL,Pave,Reg,Gtl,Edwards,Feedr,Norm,Gable
555,6/29/2012,RL,Pave,Reg,Gtl,NridgHt,Norm,Norm,Gable
556,7/6/2012,RM,Pave,Reg,Gtl,BrkSide,Norm,Norm,Gable
557,7/13/2012,RL,Pave,IR1,Gtl,NAmes,Norm,Norm,Gable
558,7/20/2012,C (all),Pave,Reg,Mod,IDOTRR,Norm,Norm,Gable
559,7/27/2012,RL,Pave,IR2,Gtl,Gilbert,Norm,Norm,Gable
560,8/3/2012,RL,Pave,Reg,Gtl,Blmngtn,Norm,Norm,Gable
561,8/10/2012,RL,Pave,IR1,Gtl,Sawyer,Norm,Norm,Hip
562,8/17/2012,RL,Pave,Reg,Mod,Mitchel,Norm,Norm,Gable
563,8/24/2012,RL,Pave,Reg,Gtl,Edwards,Norm,Norm,Gable
564,8/31/2012,RL,Pave,Reg,Gtl,Edwards,Norm,Norm,Gable
565,9/7/2012,RL,Pave,IR1,Gtl,NoRidge,Norm,Norm,Gable
566,9/14/2012,RL,Pave,Reg,Gtl,SWISU,Norm,Norm,Gable
567,9/21/2012,RL,Pave,IR1,Gtl,StoneBr,Norm,Norm,Hip
568,9/28/2012,RL,Pave,IR1,Gtl,NridgHt,Norm,Norm,Gable
569,10/5/2012,RL,Pave,IR1,Mod,SawyerW,Norm,Norm,Gable
570,10/12/2012,RL,Pave,IR1,Gtl,NAmes,Norm,Norm,Gable
571,10/19/2012,RL,Pave,IR1,Gtl,NAmes,Norm,Norm,Gable
572,10/26/2012,RL,Pave,Reg,Gtl,NAmes,Norm,Norm,Gable
573,2/5/2010,RL,Pave,IR1,Gtl,Timber,Norm,Norm,Gable
574,2/12/2010,RL,Pave,IR1,Gtl,Gilbert,Norm,Norm,Gable
575,2/19/2010,RL,Pave,Reg,Gtl,NAmes,Norm,Norm,Gambrel
576,2/26/2010,RL,Pave,Reg,Gtl,NAmes,Norm,Norm,Gable
577,3/5/2010,RL,Pave,Reg,Gtl,SWISU,Norm,Norm,Gable
578,3/12/2010,RL,Pave,IR1,Gtl,Sawyer,Norm,Norm,Gable
579,3/19/2010,FV,Pave,Reg,Gtl,Somerst,Norm,Norm,Gable
580,3/26/2010,RM,Pave,Reg,Gtl,OldTown,Norm,Norm,Gable
581,4/2/2010,RL,Pave,IR1,Gtl,NAmes,Norm,Norm,Gable
582,4/9/2010,RL,Pave,Reg,Gtl,NridgHt,Norm,Norm,Hip
583,4/16/2010,RL,Grvl,Reg,Gtl,Edwards,Norm,Norm,Gable
584,4/23/2010,RM,Pave,Reg,Gtl,OldTown,Artery,PosA,Gable
585,4/30/2010,RM,Pave,Reg,Gtl,BrkSide,Norm,Norm,Gable
586,5/7/2010,RL,Pave,Reg,Gtl,Timber,Norm,Norm,Hip
587,5/14/2010,RL,Pave,Reg,Gtl,BrkSide,RRAn,Norm,Gable
588,5/21/2010,RL,Pave,IR1,Gtl,Sawyer,Norm,Norm,Hip
589,5/28/2010,RL,Pave,IR1,Sev,ClearCr,Norm,Norm,Flat
590,6/4/2010,RM,Pave,Reg,Gtl,BrkSide,RRAn,Feedr,Gable
591,6/11/2010,RL,Pave,Reg,Gtl,CollgCr,Norm,Norm,Gable
592,6/18/2010,RL,Pave,IR1,Gtl,NridgHt,Norm,Norm,Gable
593,6/25/2010,RL,Pave,Reg,Gtl,Mitchel,Norm,Norm,Gable
594,7/2/2010,RM,Pave,Reg,Gtl,CollgCr,Norm,Norm,Gable
595,7/9/2010,RL,Pave,IR1,Gtl,CollgCr,Norm,Norm,Hip
596,7/16/2010,RL,Pave,IR1,Gtl,StoneBr,Norm,Norm,Gable
597,7/23/2010,RM,Pave,Reg,Gtl,OldTown,Norm,Norm,Gable
598,7/30/2010,RL,Pave,Reg,Gtl,Blmngtn,Norm,Norm,Gable
599,8/6/2010,RL,Pave,Reg,Gtl,Crawfor,Norm,Norm,Gable
600,8/13/2010,RM,Pave,Reg,Gtl,Blueste,Norm,Norm,Gable
601,8/20/2010,RL,Pave,Reg,Gtl,NridgHt,Norm,Norm,Gable
602,8/27/2010,RM,Pave,Reg,Gtl,IDOTRR,Norm,Norm,Gable
603,9/3/2010,RL,Pave,IR1,Gtl,SawyerW,Norm,Norm,Gable
604,9/10/2010,FV,Pave,Reg,Gtl,Somerst,Norm,Norm,Gable
605,9/17/2010,RL,Pave,IR1,Gtl,CollgCr,Norm,Norm,Gable
606,9/24/2010,RL,Pave,Reg,Gtl,NAmes,Norm,Norm,Gable
607,10/1/2010,RL,Pave,IR2,Mod,CollgCr,Norm,Norm,Gable
608,10/8/2010,RL,Pave,Reg,Mod,Edwards,Norm,Norm,Gable
609,10/15/2010,RL,Pave,Reg,Mod,Crawfor,Norm,Norm,Gable
610,10/22/2010,RL,Pave,Reg,Gtl,Sawyer,Feedr,Norm,Gable
611,10/29/2010,RL,Pave,Reg,Gtl,CollgCr,PosN,Norm,Hip
612,11/5/2010,RL,Pave,IR1,Gtl,NWAmes,Norm,Norm,Gable
613,11/12/2010,RL,Pave,Reg,Gtl,CollgCr,Norm,Norm,Gable
614,11/19/2010,RL,Pave,Reg,Gtl,Mitchel,Feedr,Norm,Gable
615,11/26/2010,RM,Pave,Reg,Gtl,MeadowV,Norm,Norm,Gable
616,12/3/2010,RL,Pave,Reg,Gtl,NAmes,Feedr,Norm,Gable
617,12/10/2010,RL,Pave,IR1,Gtl,Gilbert,Norm,Norm,Gable
618,12/17/2010,RL,Pave,Reg,Mod,NAmes,Artery,Norm,Gable
619,12/24/2010,RL,Pave,Reg,Gtl,NridgHt,Norm,Norm,Hip
620,12/31/2010,RL,Pave,Reg,Gtl,Timber,Norm,Norm,Hip
621,1/7/2011,RL,Pave,Reg,Gtl,Edwards,Norm,Norm,Gable
622,1/14/2011,RL,Pave,Reg,Gtl,NWAmes,Norm,Norm,Gable
623,1/21/2011,RL,Pave,Reg,Gtl,Sawyer,Norm,Norm,Gable
624,1/28/2011,FV,Pave,Reg,Gtl,Somerst,Norm,Norm,Gable
625,2/4/2011,RL,Pave,Reg,Gtl,NWAmes,Norm,Norm,Gable
626,2/11/2011,RL,Pave,IR1,Gtl,NAmes,Norm,Norm,Hip
627,2/18/2011,RL,Pave,IR1,Gtl,NAmes,Norm,Norm,Hip
628,2/25/2011,RL,Pave,Reg,Gtl,NAmes,Norm,Norm,Gable
629,3/4/2011,RL,Pave,IR1,Sev,NAmes,Norm,Norm,Gable
630,3/11/2011,RL,Pave,Reg,Gtl,NAmes,Feedr,Norm,Gable
631,3/18/2011,RM,Pave,Reg,Gtl,OldTown,Artery,Norm,Gable
632,3/25/2011,RL,Pave,Reg,Gtl,NridgHt,Norm,Norm,Gable
633,4/1/2011,RL,Pave,Reg,Gtl,NWAmes,Norm,Norm,Hip
634,4/8/2011,RL,Pave,Reg,Gtl,NAmes,Norm,Norm,Gable
635,4/15/2011,RL,Pave,Reg,Gtl,OldTown,Norm,Norm,Gable
636,4/22/2011,RH,Pave,Reg,Gtl,SWISU,Feedr,Norm,Hip
637,4/29/2011,RM,Pave,Reg,Gtl,BrkSide,Norm,Norm,Gable
638,5/6/2011,RM,Pave,Reg,Gtl,OldTown,Norm,Norm,Gable
639,5/13/2011,RL,Pave,Reg,Gtl,Edwards,Feedr,Norm,Gable
640,5/20/2011,RL,Pave,Reg,Gtl,Blmngtn,Norm,Norm,Hip
641,5/27/2011,RL,Pave,IR1,Gtl,NridgHt,Norm,Norm,Hip
642,6/3/2011,FV,Pave,Reg,Gtl,Somerst,Norm,Norm,Gable
643,6/10/2011,RL,Pave,Reg,Gtl,NAmes,Norm,Norm,Gable
644,6/17/2011,RL,Pave,Reg,Gtl,NWAmes,RRAn,Norm,Mansard
645,6/24/2011,FV,Pave,Reg,Gtl,Somerst,Norm,Norm,Gable
646,7/1/2011,RL,Pave,IR1,Gtl,NAmes,Norm,Norm,Hip
647,7/8/2011,RL,Pave,Reg,Gtl,NAmes,Norm,Norm,Hip
648,7/15/2011,RL,Pave,IR1,Gtl,Edwards,Norm,Norm,Hip
649,7/22/2011,RL,Pave,Reg,Gtl,NAmes,PosN,Norm,Gable
650,7/29/2011,RM,Pave,Reg,Gtl,MeadowV,Norm,Norm,Gable
651,8/5/2011,FV,Pave,Reg,Gtl,Somerst,Norm,Norm,Gable
652,8/12/2011,RL,Pave,Reg,Gtl,Edwards,Artery,Norm,Gable
653,8/19/2011,RL,Pave,Reg,Gtl,CollgCr,Norm,Norm,Gable
654,8/26/2011,RM,Pave,Reg,Gtl,IDOTRR,Norm,Norm,Gable
655,9/2/2011,RL,Pave,IR1,Gtl,NoRidge,Norm,Norm,Hip
656,9/9/2011,RM,Pave,Reg,Gtl,BrDale,Norm,Norm,Gable
657,9/16/2011,RL,Pave,IR1,Gtl,NAmes,Norm,Norm,Gable
658,9/23/2011,RL,Pave,Reg,Mod,Crawfor,Norm,Norm,Gable
659,9/30/2011,RL,Pave,Reg,Gtl,NAmes,Artery,Norm,Gable
660,10/7/2011,RL,Pave,Reg,Gtl,Edwards,Norm,Norm,Hip
661,10/14/2011,RL,Pave,Reg,Gtl,NWAmes,Norm,Norm,Gable
662,10/21/2011,RL,Pave,IR2,Gtl,NoRidge,Norm,Norm,Hip
663,10/28/2011,RL,Pave,Reg,Gtl,NAmes,Norm,Norm,Hip
664,11/4/2011,RL,Pave,Reg,Gtl,Edwards,Norm,Norm,Gable
665,11/11/2011,RL,Pave,IR2,Gtl,Somerst,RRAn,Norm,Gable
666,11/18/2011,RL,Pave,IR1,Gtl,Gilbert,Norm,Norm,Gable
667,11/25/2011,RL,Pave,IR1,Gtl,NAmes,Norm,Norm,Flat
668,12/2/2011,RL,Pave,Reg,Gtl,SawyerW,Norm,Norm,Gable
669,12/9/2011,RL,Pave,Reg,Mod,Sawyer,Norm,Norm,Gable
670,12/16/2011,RL,Pave,Reg,Gtl,Crawfor,Norm,Norm,Gable
671,12/23/2011,RL,Pave,Reg,Gtl,CollgCr,Norm,Norm,Gable
672,12/30/2011,RH,Pave,Reg,Gtl,Edwards,Artery,Norm,Gambrel
673,1/6/2012,RL,Pave,IR1,Gtl,Veenker,Norm,Norm,Gable
674,1/13/2012,RL,Pave,Reg,Gtl,Crawfor,Norm,Norm,Hip
675,1/20/2012,RL,Pave,Reg,Gtl,NAmes,Norm,Norm,Gable
676,1/27/2012,RL,Pave,Reg,Gtl,NPkVill,Norm,Norm,Gable
677,2/3/2012,RM,Pave,Reg,Gtl,OldTown,Norm,Norm,Gable
678,2/10/2012,RL,Pave,Reg,Gtl,OldTown,Norm,Norm,Gable
679,2/17/2012,RL,Pave,IR1,Gtl,StoneBr,Norm,Norm,Hip
680,2/24/2012,RL,Pave,IR1,Gtl,Sawyer,Norm,Norm,Hip
681,3/2/2012,RL,Pave,Reg,Gtl,SawyerW,Norm,Norm,Gable
682,3/9/2012,RH,Pave,IR2,Gtl,SWISU,Norm,Norm,Gable
683,3/16/2012,RL,Pave,Reg,Gtl,ClearCr,Norm,Norm,Gable
684,3/23/2012,RL,Pave,IR1,Gtl,CollgCr,Norm,Norm,Hip
685,3/30/2012,RL,Pave,IR2,Gtl,NoRidge,Norm,Norm,Gable
686,4/6/2012,RL,Pave,IR1,Gtl,StoneBr,Norm,Norm,Gable
687,4/13/2012,FV,Pave,Reg,Gtl,Somerst,Norm,Norm,Gable
688,4/20/2012,FV,Pave,IR2,Gtl,Somerst,Norm,Norm,Gable
689,4/27/2012,RL,Pave,Reg,Gtl,StoneBr,Norm,Norm,Gable
690,5/4/2012,RL,Pave,IR1,Gtl,NridgHt,Norm,Norm,Gable
691,5/11/2012,RM,Pave,Reg,Gtl,CollgCr,Norm,Norm,Gable
692,5/18/2012,RL,Pave,IR1,Gtl,NoRidge,Norm,Norm,Gable
693,5/25/2012,RL,Pave,IR1,Mod,Timber,Norm,Norm,Hip
694,6/1/2012,RL,Pave,Reg,Sev,OldTown,Norm,Norm,Gable
695,6/8/2012,RM,Pave,Reg,Gtl,BrkSide,Norm,Norm,Gable
696,6/15/2012,RL,Pave,IR1,Gtl,Timber,Norm,Norm,Gable
697,6/22/2012,RM,Pave,Reg,Gtl,BrkSide,Norm,Norm,Gable
698,6/29/2012,RL,Pave,IR1,Gtl,Edwards,Norm,Norm,Gable
699,7/6/2012,RL,Pave,Reg,Gtl,Sawyer,RRAe,Norm,Gable
700,7/13/2012,FV,Pave,IR2,Gtl,Somerst,Norm,Norm,Gable
701,7/20/2012,RL,Pave,Reg,Gtl,Timber,Norm,Norm,Hip
702,7/27/2012,RL,Pave,Reg,Gtl,NWAmes,Norm,Norm,Hip
703,8/3/2012,RL,Pave,IR1,Gtl,StoneBr,Norm,Norm,Hip
704,8/10/2012,RM,Pave,Reg,Gtl,OldTown,Feedr,Norm,Gable
705,8/17/2012,RL,Pave,Reg,Gtl,CollgCr,Norm,Norm,Gable
706,8/24/2012,RM,Pave,Reg,Gtl,IDOTRR,Norm,Norm,Hip
707,8/31/2012,RL,Pave,IR2,Sev,ClearCr,Norm,Norm,Gable
708,9/7/2012,RL,Pave,Reg,Gtl,NridgHt,Norm,Norm,Hip
709,9/14/2012,RL,Pave,IR1,Gtl,Gilbert,Norm,Norm,Hip
710,9/21/2012,RL,Pave,IR1,Gtl,Sawyer,Norm,Norm,Gable
711,9/28/2012,RL,Pave,IR1,Gtl,BrkSide,Norm,Norm,Gable
712,10/5/2012,C (all),Pave,Reg,Mod,IDOTRR,Norm,Norm,Gable
713,10/12/2012,RL,Pave,IR1,Gtl,StoneBr,Norm,Norm,Gable
714,10/19/2012,RL,Pave,Reg,Gtl,BrkSide,RRAn,Norm,Gable
715,10/26/2012,RL,Pave,IR1,Gtl,Sawyer,RRAe,Norm,Gable
716,2/5/2010,RL,Pave,Reg,Gtl,NWAmes,Norm,Norm,Hip
717,2/12/2010,RM,Pave,Reg,Gtl,OldTown,Norm,Norm,Gable
718,2/19/2010,RL,Pave,Reg,Gtl,NWAmes,Norm,Norm,Gable
719,2/26/2010,RL,Pave,Reg,Gtl,NoRidge,Norm,Norm,Hip
720,3/5/2010,RL,Pave,IR1,Gtl,CollgCr,Norm,Norm,Gable
721,3/12/2010,RL,Pave,IR1,Mod,StoneBr,Norm,Norm,Gable
722,3/19/2010,RM,Pave,Reg,Gtl,CollgCr,Norm,Norm,Gable
723,3/26/2010,RL,Pave,Reg,Gtl,NAmes,Norm,Norm,Gable
724,4/2/2010,RL,Pave,Reg,Gtl,Edwards,Norm,Norm,Gable
725,4/9/2010,RL,Pave,IR1,Gtl,Edwards,Norm,Norm,Hip
726,4/16/2010,RL,Pave,Reg,Gtl,NAmes,Norm,Norm,Gable
727,4/23/2010,RL,Pave,IR1,Gtl,Crawfor,Norm,Norm,Hip
728,4/30/2010,RL,Pave,Reg,Gtl,CollgCr,Norm,Norm,Gable
729,5/7/2010,RL,Pave,Reg,Gtl,NAmes,Norm,Norm,Gable
730,5/14/2010,RM,Pave,Reg,Gtl,IDOTRR,Norm,Norm,Gable
731,5/21/2010,RL,Pave,IR1,Gtl,StoneBr,Norm,Norm,Gable
732,5/28/2010,RL,Pave,IR1,Gtl,Timber,Norm,Norm,Gable
733,6/4/2010,RL,Pave,IR1,Gtl,CollgCr,Norm,Norm,Gable
734,6/11/2010,RL,Pave,Reg,Gtl,Sawyer,Feedr,Norm,Hip
735,6/18/2010,RL,Pave,IR1,Gtl,Sawyer,Norm,Norm,Gable
736,6/25/2010,RM,Pave,Reg,Gtl,OldTown,Norm,Norm,Gable
737,7/2/2010,RL,Pave,Reg,Gtl,NAmes,Norm,Norm,Gable
738,7/9/2010,RL,Pave,IR1,Gtl,Gilbert,Norm,Norm,Gable
739,7/16/2010,RL,Pave,Reg,Gtl,Edwards,Norm,Norm,Gable
740,7/23/2010,RL,Pave,IR1,Gtl,CollgCr,Norm,Norm,Gable
741,7/30/2010,RM,Pave,Reg,Gtl,OldTown,Norm,Norm,Gable
742,8/6/2010,RL,Pave,IR1,Gtl,Sawyer,Feedr,Norm,Hip
743,8/13/2010,RL,Pave,Reg,Gtl,SawyerW,Norm,Norm,Gable
744,8/20/2010,RL,Pave,IR1,Gtl,Sawyer,Norm,Norm,Gable
745,8/27/2010,RL,Pave,IR1,Gtl,StoneBr,Norm,Norm,Gable
746,9/3/2010,RL,Pave,IR1,Gtl,NWAmes,Norm,Norm,Hip
747,9/10/2010,RL,Pave,IR1,Gtl,Gilbert,Norm,Norm,Gable
748,9/17/2010,RM,Pave,IR1,Gtl,OldTown,Norm,Norm,Mansard
749,9/24/2010,RL,Pave,IR1,Gtl,NoRidge,Norm,Norm,Hip
750,10/1/2010,RL,Pave,Reg,Gtl,Edwards,Norm,Norm,Gable
751,10/8/2010,RM,Pave,Reg,Gtl,OldTown,Norm,Norm,Gable
752,10/15/2010,RL,Pave,Reg,Gtl,Gilbert,RRAn,Norm,Gable
753,10/22/2010,RL,Pave,IR1,Gtl,CollgCr,Norm,Norm,Gable
754,10/29/2010,RL,Pave,Reg,Gtl,NridgHt,Norm,Norm,Gable
755,11/5/2010,RL,Pave,Reg,Gtl,NAmes,Norm,Norm,Gable
756,11/12/2010,FV,Pave,Reg,Gtl,Somerst,Norm,Norm,Gable
757,11/19/2010,RL,Pave,IR1,Gtl,CollgCr,Norm,Norm,Gable
758,11/26/2010,RL,Pave,IR1,Gtl,Sawyer,Norm,Norm,Hip
759,12/3/2010,FV,Pave,Reg,Gtl,Somerst,Norm,Norm,Gable
760,12/10/2010,RL,Pave,IR1,Gtl,NoRidge,Norm,Norm,Gable
761,12/17/2010,RL,Pave,Reg,Gtl,NAmes,Norm,Norm,Hip
762,12/24/2010,RM,Pave,Reg,Gtl,BrkSide,Feedr,Norm,Gable
763,12/31/2010,FV,Pave,Reg,Gtl,Somerst,Norm,Norm,Gable
764,1/7/2011,RL,Pave,Reg,Gtl,NoRidge,Norm,Norm,Gable
765,1/14/2011,RL,Pave,IR1,Gtl,Veenker,Norm,Norm,Hip
766,1/21/2011,RL,Pave,IR1,Gtl,Somerst,Norm,Norm,Gable
767,1/28/2011,RL,Pave,Reg,Gtl,NWAmes,Norm,Norm,Gable
768,2/4/2011,RL,Pave,IR1,Gtl,Mitchel,Norm,Norm,Gable
769,2/11/2011,RL,Pave,Reg,Gtl,CollgCr,Norm,Norm,Hip
770,2/18/2011,RL,Pave,IR2,Mod,StoneBr,Norm,Norm,Hip
771,2/25/2011,RL,Pave,IR1,Gtl,Sawyer,Norm,Norm,Hip
772,3/4/2011,RL,Pave,Reg,Gtl,Edwards,Norm,Norm,Gable
773,3/11/2011,RL,Pave,Reg,Gtl,Edwards,Norm,Norm,Gable
774,3/18/2011,RL,Pave,Reg,Gtl,NAmes,Feedr,Norm,Gable
775,3/25/2011,RL,Pave,Reg,Gtl,NridgHt,Norm,Norm,Hip
776,4/1/2011,RM,Pave,Reg,Gtl,Mitchel,Norm,Norm,Hip
777,4/8/2011,RL,Pave,IR1,Gtl,CollgCr,Norm,Norm,Gable
778,4/15/2011,RL,Pave,IR1,Gtl,Sawyer,Norm,Norm,Hip
779,4/22/2011,RH,Pave,Reg,Gtl,SawyerW,Feedr,Norm,Gable
780,4/29/2011,RL,Pave,Reg,Gtl,Mitchel,Norm,Norm,Gable
781,5/6/2011,RL,Pave,Reg,Gtl,Gilbert,Norm,Norm,Gable
782,5/13/2011,RL,Pave,Reg,Gtl,SawyerW,Norm,Norm,Gable
783,5/20/2011,RL,Pave,IR2,Gtl,CollgCr,Norm,Norm,Gable
784,5/27/2011,RL,Pave,IR1,Gtl,Mitchel,Norm,Norm,Gable
785,6/3/2011,RM,Pave,Reg,Gtl,OldTown,Norm,Norm,Gable
786,6/10/2011,RL,Pave,Reg,Gtl,NWAmes,Feedr,Norm,Gable
787,6/17/2011,RM,Pave,Reg,Gtl,OldTown,Artery,Norm,Gable
788,6/24/2011,RL,Pave,IR1,Gtl,SawyerW,Norm,Norm,Gable
789,7/1/2011,RM,Pave,Reg,Gtl,OldTown,Norm,Norm,Gable
790,7/8/2011,RL,Pave,IR1,Gtl,ClearCr,Norm,Norm,Gable
791,7/15/2011,RL,Pave,Reg,Gtl,Blmngtn,Norm,Norm,Gable
792,7/22/2011,RL,Pave,IR1,Gtl,Mitchel,Norm,Norm,Gable
793,7/29/2011,RL,Pave,IR1,Gtl,NoRidge,Norm,Norm,Gable
794,8/5/2011,RL,Pave,Reg,Gtl,Somerst,Norm,Norm,Gable
795,8/12/2011,RL,Pave,IR1,Gtl,Gilbert,Norm,Norm,Gable
796,8/19/2011,RL,Pave,Reg,Gtl,SawyerW,Norm,Norm,Gable
797,8/26/2011,RL,Pave,Reg,Gtl,Sawyer,Norm,Norm,Gable
798,9/2/2011,RL,Pave,Reg,Gtl,NAmes,Norm,Norm,Gable
799,9/9/2011,RL,Pave,Reg,Gtl,NridgHt,Norm,Norm,Hip
800,9/16/2011,RL,Pave,Reg,Gtl,SWISU,Feedr,Norm,Gable
801,9/23/2011,RL,Pave,IR1,Mod,ClearCr,Feedr,Norm,Gable
802,9/30/2011,RM,Pave,Reg,Gtl,IDOTRR,Norm,Norm,Gable
803,10/7/2011,RL,Pave,Reg,Gtl,CollgCr,Norm,Norm,Gable
804,10/14/2011,RL,Pave,Reg,Gtl,NridgHt,Norm,Norm,Hip
805,10/21/2011,RL,Pave,Reg,Gtl,NAmes,Norm,Norm,Gable
806,10/28/2011,RL,Pave,IR1,Gtl,Somerst,Norm,Norm,Gable
807,11/4/2011,RL,Pave,Reg,Gtl,NAmes,Norm,Norm,Gable
808,11/11/2011,RL,Pave,Reg,Gtl,BrkSide,Norm,Norm,Gable
809,11/18/2011,RL,Pave,Reg,Gtl,NAmes,Norm,Norm,Gable
810,11/25/2011,RM,Pave,Reg,Gtl,OldTown,Norm,Norm,Hip
811,12/2/2011,RL,Pave,Reg,Gtl,NWAmes,Norm,Norm,Hip
812,12/9/2011,RM,Pave,Reg,Gtl,CollgCr,Norm,Norm,Gable
813,12/16/2011,C (all),Grvl,Reg,Mod,IDOTRR,Norm,Norm,Hip
814,12/23/2011,RL,Pave,Reg,Gtl,NAmes,Norm,Norm,Gable
815,12/30/2011,RL,Pave,Reg,Gtl,Edwards,Norm,Norm,Gable
816,1/6/2012,RL,Pave,IR2,Gtl,CollgCr,Norm,Norm,Gable
817,1/13/2012,RL,Pave,IR1,Gtl,NAmes,Norm,Norm,Gable
818,1/20/2012,RL,Pave,IR1,Gtl,Mitchel,Norm,Norm,Hip
819,1/27/2012,RL,Pave,Reg,Gtl,ClearCr,Norm,Norm,Gable
820,2/3/2012,RL,Pave,IR1,Gtl,NridgHt,Norm,Norm,Gable
821,2/10/2012,RL,Pave,IR1,Gtl,CollgCr,Norm,Norm,Gable
822,2/17/2012,RM,Pave,Reg,Mod,OldTown,Norm,Norm,Gable
823,2/24/2012,RL,Pave,IR1,Gtl,Gilbert,Norm,Norm,Gable
824,3/2/2012,RL,Pave,Reg,Gtl,SWISU,Norm,Norm,Gable
825,3/9/2012,FV,Pave,Reg,Gtl,Somerst,Norm,Norm,Gable
826,3/16/2012,RL,Pave,Reg,Gtl,NridgHt,PosN,PosN,Hip
827,3/23/2012,RM,Pave,Reg,Gtl,BrkSide,Norm,Norm,Gable
828,3/30/2012,RL,Pave,IR1,Gtl,SawyerW,Norm,Norm,Gable
829,4/6/2012,RL,Pave,IR2,Sev,ClearCr,Norm,Norm,Flat
830,4/13/2012,FV,Pave,Reg,Gtl,Somerst,Norm,Norm,Gable
831,4/20/2012,RL,Pave,IR1,Gtl,NAmes,Norm,Norm,Gable
832,4/27/2012,FV,Pave,Reg,Gtl,Somerst,Norm,Norm,Gable
833,5/4/2012,RL,Pave,IR1,Gtl,CollgCr,Norm,Norm,Gable
834,5/11/2012,RL,Pave,Reg,Gtl,NAmes,Norm,Norm,Gable
835,5/18/2012,RL,Pave,Reg,Gtl,NAmes,Norm,Norm,Gable
836,5/25/2012,RL,Pave,Reg,Gtl,Sawyer,Norm,Norm,Gable
837,6/1/2012,RM,Pave,Reg,Gtl,OldTown,Norm,Norm,Gable
838,6/8/2012,RM,Pave,Reg,Gtl,BrDale,Norm,Norm,Gable
839,6/15/2012,RL,Pave,Reg,Gtl,CollgCr,Norm,Norm,Gable
840,6/22/2012,RL,Pave,Reg,Gtl,Edwards,Norm,Norm,Gable
841,6/29/2012,RH,Pave,IR1,Gtl,SWISU,Norm,Norm,Gable
842,7/6/2012,RM,Pave,Reg,Gtl,OldTown,Norm,Norm,Gable
843,7/13/2012,RL,Pave,Reg,Gtl,NAmes,Norm,Norm,Gable
844,7/20/2012,RL,Pave,Reg,Gtl,NAmes,Artery,Norm,Gable
845,7/27/2012,RM,Pave,IR1,Gtl,OldTown,Artery,Norm,Gable
846,8/3/2012,RL,Pave,IR1,Gtl,Sawyer,RRAe,Norm,Gable
847,8/10/2012,RL,Pave,Reg,Gtl,SawyerW,Norm,Norm,Gable
848,8/17/2012,RL,Pave,IR1,Gtl,CollgCr,Norm,Norm,Gable
849,8/24/2012,RL,Pave,IR2,Gtl,ClearCr,Norm,Norm,Gable
850,8/31/2012,RL,Pave,Reg,Gtl,Veenker,Feedr,Norm,Hip
851,9/7/2012,RM,Pave,Reg,Gtl,CollgCr,Norm,Norm,Gable
852,9/14/2012,RL,Pave,Reg,Gtl,Blmngtn,Norm,Norm,Gable
853,9/21/2012,RL,Pave,Reg,Gtl,Crawfor,Norm,Norm,Gable
854,9/28/2012,RL,Pave,IR1,Gtl,NAmes,Norm,Norm,Gable
855,10/5/2012,RL,Pave,Reg,Gtl,Sawyer,Norm,Norm,Hip
856,10/12/2012,RL,Pave,IR1,Gtl,Sawyer,Norm,Norm,Gable
857,10/19/2012,RL,Pave,IR1,Mod,CollgCr,Norm,Norm,Gable
858,10/26/2012,RL,Pave,Reg,Gtl,Gilbert,Norm,Norm,Gable
859,2/5/2010,RL,Pave,Reg,Gtl,NWAmes,Norm,Norm,Gable
860,2/12/2010,RL,Pave,IR1,Gtl,NWAmes,PosA,Norm,Gable
861,2/19/2010,RL,Pave,Reg,Gtl,Crawfor,Norm,Norm,Gable
862,2/26/2010,RL,Pave,Reg,Gtl,Sawyer,Norm,Norm,Hip
863,3/5/2010,RL,Pave,Reg,Gtl,SawyerW,Norm,Norm,Hip
864,3/12/2010,RL,Pave,Reg,Gtl,NAmes,Norm,Norm,Hip
865,3/19/2010,FV,Pave,Reg,Gtl,Somerst,Norm,Norm,Gable
866,3/26/2010,RL,Pave,IR1,Gtl,NAmes,Norm,Norm,Gable
867,4/2/2010,RL,Pave,IR1,Gtl,Timber,Norm,Norm,Gable
868,4/9/2010,RL,Pave,Reg,Gtl,Sawyer,Feedr,Norm,Gable
869,4/16/2010,RL,Pave,IR2,Gtl,Gilbert,Feedr,Norm,Gable
870,4/23/2010,RL,Pave,Reg,Gtl,SawyerW,Norm,Norm,Gable
871,4/30/2010,RL,Pave,Reg,Gtl,NAmes,PosN,Norm,Hip
872,5/7/2010,RL,Pave,Reg,Gtl,CollgCr,Norm,Norm,Gable
873,5/14/2010,RL,Pave,Reg,Gtl,NAmes,Norm,Norm,Gable
874,5/21/2010,RL,Pave,Reg,Gtl,NAmes,Norm,Norm,Gable
875,5/28/2010,RM,Pave,Reg,Gtl,OldTown,Artery,Norm,Gable
876,6/4/2010,FV,Pave,Reg,Gtl,Somerst,Norm,Norm,Gable
877,6/11/2010,RL,Pave,Reg,Mod,Mitchel,Norm,Norm,Gable
878,6/18/2010,RL,Pave,Reg,Gtl,NridgHt,Norm,Norm,Hip
879,6/25/2010,RL,Pave,IR1,Gtl,Sawyer,Norm,Norm,Gable
880,7/2/2010,RL,Pave,IR1,Gtl,CollgCr,Norm,Norm,Gable
881,7/9/2010,RL,Pave,Reg,Gtl,Edwards,Norm,Norm,Gable
882,7/16/2010,RL,Pave,IR1,Gtl,Timber,Norm,Norm,Gable
883,7/23/2010,RL,Pave,IR1,Gtl,Gilbert,Norm,Norm,Gable
884,7/30/2010,RL,Pave,Reg,Gtl,SWISU,Norm,Norm,Gable
885,8/6/2010,RL,Pave,Reg,Gtl,NAmes,Norm,Norm,Gable
886,8/13/2010,FV,Pave,IR1,Gtl,Somerst,Norm,Norm,Gable
887,8/20/2010,RL,Pave,Reg,Gtl,NAmes,Norm,Norm,Gable
888,8/27/2010,RL,Pave,IR1,Gtl,Edwards,Norm,Norm,Gable
889,9/3/2010,RL,Pave,IR1,Mod,NAmes,Norm,Norm,Flat
890,9/10/2010,RL,Pave,Reg,Gtl,NAmes,Feedr,Norm,Hip
891,9/17/2010,RL,Pave,Reg,Gtl,NAmes,Artery,Norm,Gable
892,9/24/2010,RL,Pave,Reg,Gtl,Sawyer,Norm,Norm,Hip
893,10/1/2010,RL,Pave,Reg,Gtl,Sawyer,Norm,Norm,Hip
894,10/8/2010,RL,Pave,Reg,Gtl,Sawyer,PosN,Norm,Gable
895,10/15/2010,RL,Pave,Reg,Gtl,SawyerW,Norm,Norm,Gable
896,10/22/2010,RL,Pave,Reg,Gtl,NAmes,Norm,Norm,Hip
897,10/29/2010,RM,Pave,Reg,Gtl,IDOTRR,Norm,Norm,Gable
898,11/5/2010,RL,Pave,Reg,Gtl,SawyerW,Feedr,Norm,Gable
899,11/12/2010,RL,Pave,IR1,Gtl,NridgHt,Norm,Norm,Hip
900,11/19/2010,RL,Pave,Reg,Gtl,Sawyer,Feedr,Norm,Gable
901,11/26/2010,RL,Pave,IR1,Gtl,NAmes,Norm,Norm,Gable
902,12/3/2010,RL,Pave,IR1,Gtl,NAmes,Norm,Norm,Hip
903,12/10/2010,RL,Pave,Reg,Gtl,Gilbert,Norm,Norm,Gable
904,12/17/2010,RL,Pave,IR1,Gtl,Gilbert,Norm,Norm,Hip
905,12/24/2010,RL,Pave,IR1,Gtl,Sawyer,Norm,Norm,Gable
906,12/31/2010,RL,Pave,Reg,Gtl,NAmes,Norm,Norm,Gable
907,1/7/2011,RL,Pave,IR1,Gtl,Somerst,Norm,Norm,Gable
908,1/14/2011,RL,Pave,IR1,Gtl,Crawfor,Norm,Norm,Gable
909,1/21/2011,RL,Pave,IR1,Mod,Mitchel,Norm,Norm,Gable
910,1/28/2011,RL,Pave,IR2,Gtl,Gilbert,Norm,Norm,Gable
911,2/4/2011,RL,Pave,Reg,Gtl,NAmes,Feedr,Norm,Gable
912,2/11/2011,RL,Pave,IR1,Mod,CollgCr,Norm,Norm,Gable
913,2/18/2011,RM,Pave,Reg,Gtl,BrkSide,Norm,Norm,Gable
914,2/25/2011,RH,Pave,Reg,Gtl,Crawfor,Norm,Norm,Gable
915,3/4/2011,FV,Pave,Reg,Gtl,Somerst,Norm,Norm,Gable
916,3/11/2011,RM,Pave,Reg,Gtl,MeadowV,Norm,Norm,Gable
917,3/18/2011,C (all),Pave,Reg,Gtl,IDOTRR,Norm,Norm,Gable
918,3/25/2011,RL,Pave,Reg,Gtl,Edwards,Norm,Norm,Gable
919,4/1/2011,RL,Pave,IR1,Gtl,SawyerW,Norm,Norm,Gable
920,4/8/2011,RL,Pave,IR1,Gtl,NAmes,Norm,Norm,Hip
921,4/15/2011,RL,Pave,IR1,Gtl,SawyerW,Norm,Norm,Gable
922,4/22/2011,RL,Pave,Reg,Gtl,Edwards,Feedr,Norm,Gable
923,4/29/2011,RL,Pave,Reg,Gtl,Gilbert,RRAn,Norm,Gable
924,5/6/2011,RL,Pave,Reg,Gtl,SawyerW,Norm,Norm,Gable
925,5/13/2011,RL,Pave,Reg,Gtl,NWAmes,Norm,Norm,Gable
926,5/20/2011,RL,Pave,IR1,Gtl,NWAmes,Norm,Norm,Gable
927,5/27/2011,RL,Pave,Reg,Gtl,NridgHt,Norm,Norm,Hip
928,6/3/2011,RL,Pave,Reg,Gtl,NWAmes,Feedr,Norm,Gable
929,6/10/2011,RL,Pave,Reg,Gtl,CollgCr,Norm,Norm,Hip
930,6/17/2011,RL,Pave,IR1,Gtl,Gilbert,Norm,Norm,Gable
931,6/24/2011,RL,Pave,IR1,Gtl,Timber,Norm,Norm,Gable
932,7/1/2011,RL,Pave,Reg,Gtl,NAmes,Norm,Norm,Gable
933,7/8/2011,RL,Pave,IR1,Gtl,Somerst,RRNn,Norm,Hip
934,7/15/2011,RL,Pave,Reg,Gtl,CollgCr,Norm,Norm,Gable
935,7/22/2011,RL,Pave,IR2,Mod,NAmes,PosA,Norm,Flat
936,7/29/2011,RL,Pave,IR1,Gtl,BrkSide,Norm,Norm,Gable
937,8/5/2011,RL,Pave,Reg,Gtl,SawyerW,Norm,Norm,Gable
938,8/12/2011,RL,Pave,Reg,Gtl,Somerst,Norm,Norm,Gable
939,8/19/2011,RL,Pave,Reg,Gtl,CollgCr,Norm,Norm,Gable
940,8/26/2011,RL,Pave,Reg,Gtl,ClearCr,Norm,Norm,Gable
941,9/2/2011,RL,Pave,IR1,Gtl,Mitchel,Norm,Norm,Gable
942,9/9/2011,RL,Pave,IR1,Gtl,Gilbert,RRNn,Norm,Gable
943,9/16/2011,RL,Pave,IR1,Gtl,Edwards,Norm,Norm,Gable
944,9/23/2011,RL,Pave,Reg,Gtl,Mitchel,Norm,Norm,Gable
945,9/30/2011,RL,Pave,IR1,Gtl,Timber,Norm,Norm,Gable
946,10/7/2011,RM,Pave,Reg,Gtl,OldTown,Norm,Norm,Hip
947,10/14/2011,RL,Pave,Reg,Gtl,NAmes,Norm,Norm,Gable
948,10/21/2011,RL,Pave,Reg,Gtl,Timber,Norm,Norm,Hip
949,10/28/2011,RL,Pave,IR1,Gtl,CollgCr,Norm,Norm,Gable
950,11/4/2011,RL,Pave,Reg,Gtl,NWAmes,Norm,Norm,Hip
951,11/11/2011,RL,Pave,Reg,Gtl,NAmes,Norm,Norm,Gable
952,11/18/2011,RH,Pave,Reg,Gtl,SawyerW,Norm,Norm,Gable
953,11/25/2011,RL,Pave,Reg,Gtl,CollgCr,Norm,Norm,Gable
954,12/2/2011,RL,Pave,IR1,Mod,Mitchel,Norm,Norm,Gable
955,12/9/2011,RL,Pave,IR1,Gtl,Edwards,Norm,Norm,Flat
956,12/16/2011,RH,Pave,IR1,Gtl,Crawfor,Norm,Norm,Gable
957,12/23/2011,RM,Pave,Reg,Gtl,Blueste,Norm,Norm,Gable
958,12/30/2011,RL,Pave,Reg,Gtl,Sawyer,Norm,Norm,Hip
959,1/6/2012,RL,Pave,Reg,Gtl,CollgCr,Norm,Norm,Gable
960,1/13/2012,FV,Pave,Reg,Gtl,Somerst,Norm,Norm,Hip
961,1/20/2012,RL,Pave,IR1,Gtl,BrkSide,Norm,Norm,Gable
962,1/27/2012,RL,Pave,IR1,Gtl,NWAmes,PosN,Norm,Gable
963,2/3/2012,RL,Pave,Reg,Gtl,NPkVill,Norm,Norm,Gable
964,2/10/2012,RL,Pave,IR1,Gtl,CollgCr,Norm,Norm,Gable
965,2/17/2012,RL,Pave,Reg,Gtl,Timber,Norm,Norm,Gable
966,2/24/2012,RL,Pave,Reg,Gtl,Gilbert,RRAn,Norm,Gable
967,3/2/2012,RL,Pave,IR1,Gtl,Crawfor,Norm,Norm,Gable
968,3/9/2012,RL,Pave,IR1,Gtl,NAmes,Norm,Norm,Hip
969,3/16/2012,RM,Pave,Reg,Gtl,OldTown,Norm,Norm,Gable
970,3/23/2012,RL,Pave,Reg,Gtl,NAmes,Norm,Norm,Hip
971,3/30/2012,RL,Pave,Reg,Gtl,NAmes,Norm,Norm,Gable
972,4/6/2012,RL,Pave,Reg,Gtl,NridgHt,Norm,Norm,Gable
973,4/13/2012,RL,Pave,Reg,Gtl,SawyerW,Norm,Norm,Gable
974,4/20/2012,FV,Pave,Reg,Gtl,Somerst,Norm,Norm,Gable
975,4/27/2012,RL,Pave,IR1,Gtl,BrkSide,RRAn,Feedr,Gable
976,5/4/2012,FV,Pave,Reg,Gtl,Somerst,Norm,Norm,Gable
977,5/11/2012,RL,Pave,IR1,Gtl,BrkSide,Norm,Norm,Gable
978,5/18/2012,FV,Pave,IR1,Gtl,Somerst,Norm,Norm,Gable
979,5/25/2012,RL,Pave,Reg,Mod,Edwards,Norm,Norm,Gable
980,6/1/2012,RL,Pave,Reg,Gtl,Sawyer,Feedr,Norm,Gable
981,6/8/2012,RL,Pave,IR1,Gtl,NAmes,Norm,Norm,Gable
982,6/15/2012,RL,Pave,IR1,Gtl,NoRidge,Norm,Norm,Hip
983,6/22/2012,RL,Pave,Reg,Gtl,Blmngtn,Norm,Norm,Gable
984,6/29/2012,RL,Pave,Reg,Gtl,CollgCr,Norm,Norm,Gable
985,7/6/2012,RL,Pave,Reg,Gtl,Mitchel,Norm,Norm,Gable
986,7/13/2012,RL,Pave,Reg,Gtl,Edwards,Norm,Norm,Gable
987,7/20/2012,RM,Pave,Reg,Gtl,OldTown,Feedr,Norm,Hip
988,7/27/2012,RL,Pave,IR1,Gtl,NridgHt,Norm,Norm,Hip
989,8/3/2012,RL,Pave,IR1,Gtl,NWAmes,Norm,Norm,Gable
990,8/10/2012,FV,Pave,Reg,Gtl,Somerst,Norm,Norm,Gable
991,8/17/2012,RL,Pave,Reg,Gtl,NoRidge,Norm,Norm,Gable
992,8/24/2012,RM,Pave,Reg,Gtl,OldTown,Artery,Norm,Gable
993,8/31/2012,RL,Pave,Reg,Mod,NAmes,Norm,Norm,Hip
994,9/7/2012,RL,Pave,Reg,Gtl,CollgCr,Norm,Norm,Gable
995,9/14/2012,RL,Pave,Reg,Gtl,NridgHt,Norm,Norm,Hip
996,9/21/2012,RL,Pave,IR1,Mod,BrkSide,Feedr,Norm,Gable
997,9/28/2012,RL,Pave,IR1,Gtl,NAmes,Norm,Norm,Hip
998,10/5/2012,RL,Pave,IR1,Gtl,NWAmes,PosA,Norm,Hip
999,10/12/2012,RM,Pave,Reg,Gtl,IDOTRR,Norm,Norm,Hip
1000,10/19/2012,RL,Pave,Reg,Gtl,CollgCr,Norm,Norm,Gable
1001,10/26/2012,RL,Pave,Reg,Gtl,Edwards,Norm,Norm,Flat
1002,2/5/2010,RL,Pave,Reg,Gtl,OldTown,Norm,Norm,Gable
1003,2/12/2010,RL,Pave,IR1,Gtl,Somerst,RRAn,Norm,Gable
1004,2/19/2010,RL,Pave,IR1,Gtl,NWAmes,Feedr,RRAn,Gable
1005,2/26/2010,RL,Pave,Reg,Gtl,Blmngtn,Norm,Norm,Gable
1006,3/5/2010,RL,Pave,Reg,Gtl,CollgCr,Norm,Norm,Gable
1007,3/12/2010,RL,Pave,IR3,Gtl,NAmes,PosN,Norm,Gable
1008,3/19/2010,RM,Pave,Reg,Gtl,MeadowV,Norm,Norm,Gable
1009,3/26/2010,RL,Pave,IR1,Gtl,Mitchel,Norm,Norm,Hip
1010,4/2/2010,RL,Pave,Reg,Gtl,SWISU,Norm,Norm,Gable
1011,4/9/2010,RL,Pave,Reg,Gtl,Sawyer,Norm,Norm,Gable
1012,4/16/2010,RL,Pave,Reg,Gtl,Edwards,Norm,Norm,Hip
1013,4/23/2010,RL,Pave,Reg,Gtl,Crawfor,Norm,Norm,Hip
1014,4/30/2010,RM,Pave,Reg,Gtl,OldTown,Norm,Norm,Hip
1015,5/7/2010,RL,Pave,Reg,Gtl,NAmes,Artery,Norm,Gable
1016,5/14/2010,RL,Pave,Reg,Gtl,NWAmes,Norm,Norm,Gable
1017,5/21/2010,RL,Pave,Reg,Gtl,CollgCr,Norm,Norm,Hip
1018,5/28/2010,RL,Pave,IR1,Gtl,StoneBr,Norm,Norm,Gable
1019,6/4/2010,RL,Pave,IR1,Gtl,Gilbert,Norm,Norm,Gable
1020,6/11/2010,RL,Pave,Reg,Gtl,Blmngtn,Norm,Norm,Gable
1021,6/18/2010,RL,Pave,Reg,Gtl,Edwards,Norm,Norm,Gable
1022,6/25/2010,RL,Pave,Reg,Gtl,CollgCr,Norm,Norm,Gable
1023,7/2/2010,RM,Pave,Reg,Gtl,OldTown,Norm,Norm,Gable
1024,7/9/2010,RL,Pave,Reg,Gtl,Blmngtn,Norm,Norm,Gable
1025,7/16/2010,RL,Pave,IR1,Gtl,Timber,Norm,Norm,Hip
1026,7/23/2010,RL,Pave,Reg,Gtl,CollgCr,Norm,Norm,Gable
1027,7/30/2010,RL,Pave,Reg,Gtl,NAmes,Feedr,Norm,Gable
1028,8/6/2010,RL,Pave,IR1,Gtl,Timber,Norm,Norm,Gable
1029,8/13/2010,RL,Pave,Reg,Gtl,NAmes,Artery,Norm,Gable
1030,8/20/2010,RM,Pave,Reg,Gtl,BrDale,Norm,Norm,Gable
1031,8/27/2010,RH,Pave,Reg,Gtl,SWISU,Norm,Norm,Gable
1032,9/3/2010,RL,Pave,Reg,Gtl,SWISU,Norm,Norm,Gable
1033,9/10/2010,RL,Pave,IR1,Gtl,NoRidge,Norm,Norm,Gable
1034,9/17/2010,RL,Pave,Reg,Gtl,CollgCr,Norm,Norm,Gable
1035,9/24/2010,RL,Pave,Reg,Gtl,Crawfor,Norm,Norm,Gable
1036,10/1/2010,RL,Pave,IR1,Gtl,Edwards,Norm,Norm,Gable
1037,10/8/2010,RL,Pave,IR1,Gtl,Timber,Norm,Norm,Hip
1038,10/15/2010,RL,Pave,Reg,Gtl,CollgCr,Norm,Norm,Gable
1039,10/22/2010,RM,Pave,Reg,Gtl,MeadowV,Norm,Norm,Gable
1040,10/29/2010,RM,Pave,Reg,Gtl,MeadowV,Norm,Norm,Gable
1041,11/5/2010,RL,Pave,Reg,Gtl,Sawyer,Norm,Norm,Gable
1042,11/12/2010,RL,Pave,Reg,Gtl,NWAmes,Feedr,Norm,Hip
1043,11/19/2010,RL,Pave,IR1,Gtl,NridgHt,Norm,Norm,Gable
1044,11/26/2010,RL,Pave,Reg,Gtl,SawyerW,Norm,Norm,Hip
1045,12/3/2010,RL,Pave,Reg,Gtl,NWAmes,PosN,Norm,Hip
1046,12/10/2010,RL,Pave,IR1,Gtl,Edwards,Norm,Norm,Hip
1047,12/17/2010,RL,Pave,IR1,Gtl,StoneBr,Norm,Norm,Hip
1048,12/24/2010,RL,Pave,IR2,Gtl,CollgCr,Norm,Norm,Gable
1049,12/31/2010,RL,Pave,Reg,Gtl,Mitchel,Norm,Norm,Hip
1050,1/7/2011,RL,Pave,Reg,Gtl,Edwards,Norm,Norm,Gable
1051,1/14/2011,RL,Pave,IR1,Gtl,Gilbert,Norm,Norm,Gable
1052,1/21/2011,RL,Pave,IR1,Gtl,CollgCr,Norm,Norm,Gable
1053,1/28/2011,RL,Pave,Reg,Gtl,NAmes,Artery,Norm,Gable
1054,2/4/2011,RL,Pave,Reg,Mod,Edwards,Norm,Norm,Hip
1055,2/11/2011,RL,Pave,Reg,Gtl,CollgCr,Norm,Norm,Gable
1056,2/18/2011,RL,Pave,Reg,Gtl,NWAmes,Norm,Norm,Gable
1057,2/25/2011,RL,Pave,IR1,Gtl,NridgHt,Norm,Norm,Gable
1058,3/4/2011,RL,Pave,IR2,Gtl,NoRidge,Norm,Norm,Gable
1059,3/11/2011,RL,Pave,IR1,Gtl,NridgHt,Norm,Norm,Gable
1060,3/18/2011,RL,Pave,IR1,Mod,Crawfor,Norm,Norm,Gable
1061,3/25/2011,RL,Pave,Reg,Gtl,StoneBr,Norm,Norm,Gable
1062,4/1/2011,C (all),Grvl,Reg,Gtl,IDOTRR,Norm,Norm,Gable
1063,4/8/2011,RM,Pave,Reg,Gtl,OldTown,Norm,Norm,Gable
1064,4/15/2011,RM,Pave,Reg,Gtl,OldTown,Artery,Norm,Gable
1065,4/22/2011,RL,Pave,IR1,Gtl,NAmes,Norm,Norm,Gable
1066,4/29/2011,RL,Pave,Reg,Mod,ClearCr,Norm,Norm,Gable
1067,5/6/2011,RL,Pave,IR1,Gtl,Gilbert,Norm,Norm,Gable
1068,5/13/2011,RL,Pave,Reg,Mod,NAmes,Norm,Norm,Gable
1069,5/20/2011,RM,Pave,Reg,Gtl,MeadowV,Norm,Norm,Gable
1070,5/27/2011,RL,Pave,Reg,Gtl,NAmes,Norm,Norm,Gable
1071,6/3/2011,RL,Pave,Reg,Gtl,NAmes,Norm,Norm,Hip
1072,6/10/2011,RL,Pave,Reg,Gtl,NWAmes,RRAn,Norm,Gable
1073,6/17/2011,RL,Pave,Reg,Gtl,Edwards,Artery,Norm,Gable
1074,6/24/2011,RL,Pave,IR1,Gtl,Edwards,Norm,Norm,Hip
1075,7/1/2011,RL,Pave,Reg,Gtl,CollgCr,Norm,Norm,Gable
1076,7/8/2011,RL,Pave,Reg,Gtl,Crawfor,Norm,Norm,Gable
1077,7/15/2011,RL,Pave,Reg,Gtl,OldTown,Norm,Norm,Gable
1078,7/22/2011,RL,Pave,IR1,Gtl,NAmes,Norm,Norm,Gable
1079,7/29/2011,RM,Pave,Reg,Gtl,CollgCr,Norm,Norm,Gable
1080,8/5/2011,RL,Pave,Reg,Gtl,CollgCr,Norm,Norm,Gable
1081,8/12/2011,RL,Pave,Reg,Gtl,NWAmes,Norm,Norm,Gable
1082,8/19/2011,RL,Pave,Reg,Gtl,Sawyer,Feedr,Norm,Gable
1083,8/26/2011,RL,Pave,Reg,Gtl,CollgCr,Norm,Norm,Gable
1084,9/2/2011,RL,Pave,Reg,Gtl,NAmes,Norm,Norm,Hip
1085,9/9/2011,RL,Pave,IR2,Gtl,Gilbert,Norm,Norm,Gable
1086,9/16/2011,RL,Pave,Reg,Gtl,SawyerW,Norm,Norm,Gable
1087,9/23/2011,RM,Pave,Reg,Gtl,MeadowV,Norm,Norm,Gable
1088,9/30/2011,FV,Pave,Reg,Gtl,Somerst,Norm,Norm,Gable
1089,10/7/2011,RM,Pave,Reg,Gtl,Edwards,Norm,Norm,Gable
1090,10/14/2011,FV,Pave,IR1,Gtl,Somerst,Norm,Norm,Gable
1091,10/21/2011,RL,Pave,Reg,Gtl,NAmes,Norm,Norm,Gable
1092,10/28/2011,FV,Pave,Reg,Gtl,Somerst,Norm,Norm,Gable
1093,11/4/2011,RL,Pave,Reg,Gtl,SWISU,Norm,Norm,Gable
1094,11/11/2011,RL,Pave,Reg,Gtl,NAmes,Feedr,Norm,Hip
1095,11/18/2011,RL,Pave,Reg,Gtl,NAmes,Norm,Norm,Gable
1096,11/25/2011,RL,Pave,IR1,Gtl,CollgCr,Norm,Norm,Gable
1097,12/2/2011,RM,Pave,Reg,Gtl,IDOTRR,Norm,Norm,Gable
1098,12/9/2011,RL,Pave,Reg,Gtl,StoneBr,Norm,Norm,Gable
1099,12/16/2011,RM,Pave,Reg,Gtl,BrkSide,Norm,Norm,Gable
1100,12/23/2011,RL,Pave,IR1,Gtl,NWAmes,RRAn,Norm,Gable
1101,12/30/2011,RL,Pave,Reg,Gtl,SWISU,Norm,Norm,Gable
1102,1/6/2012,RL,Pave,IR1,Gtl,NAmes,Norm,Norm,Gable
1103,1/13/2012,RL,Pave,Reg,Gtl,NAmes,Norm,Norm,Gable
1104,1/20/2012,RL,Pave,Reg,Gtl,NAmes,Norm,Norm,Hip
1105,1/27/2012,RM,Pave,Reg,Gtl,BrDale,Norm,Norm,Gable
1106,2/3/2012,RL,Pave,IR1,Gtl,NoRidge,Norm,Norm,Gable
1107,2/10/2012,RL,Pave,IR1,Gtl,SawyerW,Feedr,Norm,Hip
1108,2/17/2012,RL,Pave,IR3,Gtl,Gilbert,Norm,Norm,Gable
1109,2/24/2012,RL,Pave,Reg,Gtl,Gilbert,Norm,Norm,Gable
1110,3/2/2012,RL,Pave,IR1,Gtl,NridgHt,Norm,Norm,Gable
1111,3/9/2012,RL,Pave,Reg,Gtl,Gilbert,Norm,Norm,Gable
1112,3/16/2012,RL,Pave,Reg,Gtl,NWAmes,Norm,Norm,Hip
1113,3/23/2012,RL,Pave,IR1,Gtl,NAmes,Norm,Norm,Gable
1114,3/30/2012,RL,Pave,Reg,Gtl,NAmes,Norm,Norm,Gable
1115,4/6/2012,RL,Pave,Reg,Gtl,OldTown,Norm,Norm,Gable
1116,4/13/2012,RL,Pave,Reg,Gtl,NridgHt,Norm,Norm,Hip
1117,4/20/2012,RL,Pave,Reg,Gtl,Gilbert,Norm,Norm,Hip
1118,4/27/2012,RL,Pave,IR1,Gtl,Sawyer,Feedr,Norm,Gable
1119,5/4/2012,RL,Pave,Reg,Gtl,Sawyer,Norm,Norm,Gable
1120,5/11/2012,RL,Pave,Reg,Gtl,NAmes,Norm,Norm,Gable
1121,5/18/2012,RM,Pave,Reg,Mod,IDOTRR,Norm,Norm,Gable
1122,5/25/2012,RL,Pave,Reg,Gtl,CollgCr,Norm,Norm,Gable
1123,6/1/2012,RL,Pave,IR1,Gtl,Edwards,Norm,Norm,Gable
1124,6/8/2012,RL,Pave,Reg,Gtl,Edwards,Norm,Norm,Hip
1125,6/15/2012,RL,Pave,IR1,Gtl,Gilbert,Norm,Norm,Gable
1126,6/22/2012,RL,Pave,Reg,Gtl,NAmes,Norm,Norm,Gable
1127,6/29/2012,RL,Pave,Reg,Gtl,Blmngtn,Norm,Norm,Hip
1128,7/6/2012,RL,Pave,IR3,Gtl,Gilbert,Norm,Norm,Hip
1129,7/13/2012,RL,Pave,IR1,Gtl,Gilbert,Norm,Norm,Gable
1130,7/20/2012,RM,Pave,Reg,Gtl,OldTown,Norm,Norm,Gable
1131,7/27/2012,RL,Pave,Reg,Gtl,SWISU,Norm,Norm,Gable
1132,8/3/2012,RL,Pave,Reg,Gtl,Mitchel,Norm,Norm,Gable
1133,8/10/2012,RM,Pave,Reg,Gtl,OldTown,Norm,Norm,Gable
1134,8/17/2012,RL,Pave,IR1,Gtl,SawyerW,Norm,Norm,Gable
1135,8/24/2012,RL,Pave,IR1,Gtl,Gilbert,Norm,Norm,Gable
1136,8/31/2012,RM,Pave,Reg,Gtl,BrkSide,Norm,Norm,Gable
1137,9/7/2012,RL,Pave,Reg,Gtl,NAmes,Norm,Norm,Gable
1138,9/14/2012,RL,Pave,Reg,Gtl,Sawyer,Feedr,Norm,Gable
1139,9/21/2012,RL,Pave,IR1,Mod,Mitchel,Norm,Norm,Gable
1140,9/28/2012,RL,Pave,IR1,Gtl,BrkSide,Norm,Norm,Gable
1141,10/5/2012,RL,Pave,Reg,Gtl,NAmes,Norm,Norm,Gable
1142,10/12/2012,RL,Pave,IR1,Gtl,NWAmes,PosN,Norm,Gable
1143,10/19/2012,RL,Pave,Reg,Gtl,CollgCr,Norm,Norm,Hip
1144,10/26/2012,RL,Pave,Reg,Gtl,Sawyer,Norm,Norm,Gable
1145,2/5/2010,RL,Pave,Reg,Gtl,Edwards,Norm,Norm,Gable
1146,2/12/2010,RM,Pave,Reg,Gtl,BrkSide,Norm,Norm,Gable
1147,2/19/2010,RL,Pave,Reg,Gtl,SawyerW,Norm,Norm,Gable
1148,2/26/2010,RL,Pave,Reg,Gtl,Crawfor,Norm,Norm,Gable
1149,3/5/2010,RM,Pave,Reg,Gtl,OldTown,Norm,Norm,Gable
1150,3/12/2010,RM,Pave,Reg,Gtl,OldTown,Artery,Norm,Hip
1151,3/19/2010,RL,Pave,IR1,Gtl,NAmes,Norm,Norm,Gable
1152,3/26/2010,RL,Pave,Reg,Gtl,Edwards,Norm,Norm,Gable
1153,4/2/2010,RL,Pave,IR1,Gtl,Crawfor,Norm,Norm,Gable
1154,4/9/2010,RM,Pave,Reg,Gtl,IDOTRR,Norm,Norm,Gable
1155,4/16/2010,RL,Pave,IR1,Gtl,NAmes,Norm,Norm,Gable
1156,4/23/2010,RL,Pave,IR1,Gtl,Veenker,Norm,Norm,Gable
1157,4/30/2010,RL,Pave,Reg,Gtl,NAmes,Norm,Norm,Gable
1158,5/7/2010,RL,Pave,IR1,Gtl,NridgHt,Norm,Norm,Gable
1159,5/14/2010,RL,Pave,Reg,Gtl,Somerst,Feedr,Norm,Gable
1160,5/21/2010,RL,Pave,Reg,Gtl,NWAmes,Norm,Norm,Hip
1161,5/28/2010,RL,Pave,Reg,Gtl,NPkVill,Norm,Norm,Gable
1162,6/4/2010,RL,Pave,IR1,Gtl,Crawfor,PosN,Norm,Hip
1163,6/11/2010,RL,Pave,Reg,Gtl,Sawyer,Norm,Norm,Gable
1164,6/18/2010,RL,Pave,Reg,Gtl,Sawyer,Feedr,Norm,Gable
1165,6/25/2010,RL,Pave,IR1,Gtl,Veenker,Feedr,Norm,Gable
1166,7/2/2010,RL,Pave,IR1,Gtl,NridgHt,Norm,Norm,Gable
1167,7/9/2010,RL,Pave,IR1,Gtl,CollgCr,Norm,Norm,Gable
1168,7/16/2010,RL,Pave,IR1,Gtl,Gilbert,RRAn,Norm,Gable
1169,7/23/2010,RL,Pave,Reg,Gtl,Edwards,Norm,Norm,Hip
1170,7/30/2010,RL,Pave,IR1,Gtl,NoRidge,Norm,Norm,Hip
1171,8/6/2010,RL,Pave,Reg,Gtl,Mitchel,Norm,Norm,Gable
1172,8/13/2010,RL,Pave,Reg,Gtl,NAmes,Norm,Norm,Hip
1173,8/20/2010,FV,Pave,IR1,Gtl,Somerst,Norm,Norm,Gable
1174,8/27/2010,RL,Pave,IR1,Gtl,ClearCr,Norm,Norm,Gable
1175,9/3/2010,RL,Pave,IR1,Gtl,Crawfor,Norm,Norm,Gable
1176,9/10/2010,RL,Pave,Reg,Gtl,NoRidge,Norm,Norm,Hip
1177,9/17/2010,RL,Pave,IR1,Gtl,Mitchel,Norm,Norm,Gable
1178,9/24/2010,RM,Pave,Reg,Gtl,OldTown,Artery,Norm,Gable
1179,10/1/2010,RL,Pave,IR1,Gtl,Crawfor,Norm,Norm,Gable
1180,10/8/2010,RL,Pave,Reg,Gtl,Edwards,Norm,Norm,Gable
1181,10/15/2010,RL,Pave,IR2,Gtl,Timber,Norm,Norm,Gable
1182,10/22/2010,RM,Pave,IR1,Mod,Crawfor,Norm,Norm,Hip
1183,10/29/2010,RL,Pave,IR1,Gtl,NoRidge,Norm,Norm,Hip
1184,11/5/2010,RL,Pave,Reg,Gtl,OldTown,Norm,Norm,Hip
1185,11/12/2010,RL,Grvl,Reg,Mod,Timber,Norm,Norm,Hip
1186,11/19/2010,RL,Pave,Reg,Gtl,Edwards,Norm,Norm,Gable
1187,11/26/2010,RL,Pave,IR1,Mod,OldTown,Artery,Artery,Gable
1188,12/3/2010,RL,Pave,Reg,Gtl,NoRidge,Norm,Norm,Gable
1189,12/10/2010,RL,Pave,IR1,Gtl,CollgCr,Norm,Norm,Gable
1190,12/17/2010,RL,Pave,Reg,Gtl,Gilbert,Norm,Norm,Gable
1191,12/24/2010,RL,Pave,Reg,Mod,Mitchel,Norm,Norm,Gable
1192,12/31/2010,FV,Pave,Reg,Gtl,Somerst,Norm,Norm,Gable
1193,1/7/2011,RM,Pave,Reg,Gtl,OldTown,Norm,Norm,Gambrel
1194,1/14/2011,RM,Pave,Reg,Gtl,Mitchel,Norm,Norm,Hip
1195,1/21/2011,RL,Pave,Reg,Gtl,Sawyer,Norm,Norm,Gable
1196,1/28/2011,RL,Pave,IR1,Gtl,Gilbert,Norm,Norm,Gable
1197,2/4/2011,RL,Pave,IR1,Gtl,Gilbert,Norm,Norm,Gable
1198,2/11/2011,RM,Pave,IR1,Gtl,OldTown,Norm,Norm,Gable
1199,2/18/2011,RL,Pave,Reg,Gtl,CollgCr,Norm,Norm,Gable
1200,2/25/2011,RL,Pave,Reg,Gtl,Sawyer,Norm,Norm,Gable
1201,3/4/2011,RL,Pave,Reg,Gtl,NAmes,Norm,Norm,Gable
1202,3/11/2011,RL,Pave,Reg,Gtl,CollgCr,Norm,Norm,Gable
1203,3/18/2011,RM,Pave,Reg,Gtl,BrkSide,Norm,Norm,Gable
1204,3/25/2011,RL,Pave,Reg,Gtl,CollgCr,Norm,Norm,Gable
1205,4/1/2011,RL,Pave,Reg,Gtl,NWAmes,Norm,Norm,Gable
1206,4/8/2011,RL,Pave,IR1,Gtl,SawyerW,Norm,Norm,Hip
1207,4/15/2011,RH,Pave,Reg,Gtl,SawyerW,Norm,Norm,Gable
1208,4/22/2011,RL,Pave,Reg,Gtl,CollgCr,Norm,Norm,Gable
1209,4/29/2011,RL,Pave,Reg,Gtl,NAmes,Norm,Norm,Gable
1210,5/6/2011,RL,Pave,IR1,Gtl,Somerst,RRNn,Norm,Hip
1211,5/13/2011,RL,Pave,Reg,Gtl,SawyerW,Norm,Norm,Gable
1212,5/20/2011,RL,Pave,IR1,Mod,Gilbert,Norm,Norm,Gable
1213,5/27/2011,RL,Pave,Reg,Gtl,Edwards,Norm,Norm,Hip
1214,6/3/2011,RL,Pave,IR1,Gtl,Sawyer,Norm,Norm,Gable
1215,6/10/2011,RL,Pave,IR1,Gtl,NAmes,Norm,Norm,Gable
1216,6/17/2011,RL,Pave,IR1,Gtl,Sawyer,Norm,Norm,Gable
1217,6/24/2011,RM,Pave,Reg,Gtl,Sawyer,RRAe,Norm,Gable
1218,7/1/2011,FV,Pave,Reg,Gtl,Somerst,Norm,Norm,Gable
1219,7/8/2011,RM,Pave,Reg,Gtl,BrkSide,Norm,Norm,Gable
1220,7/15/2011,RM,Pave,Reg,Gtl,BrDale,Norm,Norm,Gable
1221,7/22/2011,RL,Pave,IR1,Gtl,NAmes,Norm,Norm,Gable
1222,7/29/2011,RL,Pave,Reg,Gtl,Sawyer,Feedr,Norm,Hip
1223,8/5/2011,RL,Pave,Reg,Gtl,NAmes,Artery,Norm,Gable
1224,8/12/2011,RL,Pave,Reg,Gtl,NAmes,Norm,Norm,Hip
1225,8/19/2011,RL,Pave,IR1,Gtl,Gilbert,RRAn,Norm,Gable
1226,8/26/2011,RL,Pave,Reg,Gtl,NAmes,Norm,Norm,Hip
1227,9/2/2011,RL,Pave,IR1,Gtl,Somerst,Feedr,Norm,Gable
1228,9/9/2011,RL,Pave,Reg,Gtl,NAmes,Norm,Norm,Gable
1229,9/16/2011,RL,Pave,Reg,Gtl,NridgHt,Norm,Norm,Hip
1230,9/23/2011,RL,Pave,Reg,Gtl,NAmes,Norm,Norm,Hip
1231,9/30/2011,RL,Pave,IR1,Gtl,Sawyer,Feedr,RRAe,Shed
1232,10/7/2011,RL,Pave,Reg,Gtl,NAmes,Norm,Norm,Hip
1233,10/14/2011,RL,Pave,Reg,Gtl,NAmes,Norm,Norm,Gable
1234,10/21/2011,RL,Pave,IR1,Gtl,NAmes,Norm,Norm,Hip
1235,10/28/2011,RH,Pave,Reg,Gtl,SWISU,Norm,Norm,Gable
1236,11/4/2011,RL,Pave,Reg,Gtl,Crawfor,Norm,Norm,Gable
1237,11/11/2011,RL,Pave,Reg,Gtl,NridgHt,Norm,Norm,Gable
1238,11/18/2011,RL,Pave,IR2,Gtl,CollgCr,Norm,Norm,Gable
1239,11/25/2011,RL,Pave,Reg,Gtl,SawyerW,RRAe,Norm,Gable
1240,12/2/2011,RL,Pave,IR1,Gtl,Timber,Norm,Norm,Hip
1241,12/9/2011,RL,Pave,Reg,Gtl,CollgCr,Norm,Norm,Gable
1242,12/16/2011,RL,Pave,Reg,Gtl,Somerst,Norm,Norm,Hip
1243,12/23/2011,RL,Pave,Reg,Gtl,NWAmes,Norm,Norm,Gable
1244,12/30/2011,RL,Pave,Reg,Gtl,NridgHt,Norm,Norm,Gable
1245,1/6/2012,RL,Pave,IR1,Mod,Crawfor,Norm,Norm,Gable
1246,1/13/2012,RL,Pave,Reg,Gtl,NWAmes,Norm,Norm,Hip
1247,1/20/2012,FV,Pave,Reg,Gtl,Somerst,Norm,Norm,Gable
1248,1/27/2012,RL,Pave,IR1,Gtl,Mitchel,Norm,Norm,Gable
1249,2/3/2012,RM,Pave,Reg,Gtl,OldTown,Norm,Norm,Gable
1250,2/10/2012,RL,Pave,Reg,Gtl,NAmes,Norm,Norm,Gable
1251,2/17/2012,RL,Pave,Reg,Gtl,NAmes,Norm,Norm,Hip
1252,2/24/2012,RL,Pave,IR1,Gtl,NridgHt,Norm,Norm,Gable
1253,3/2/2012,RL,Pave,Reg,Gtl,Mitchel,Norm,Norm,Gable
1254,3/9/2012,RL,Pave,IR1,Gtl,Veenker,Norm,Norm,Gable
1255,3/16/2012,RL,Pave,Reg,Gtl,Edwards,Norm,Norm,Gable
1256,3/23/2012,RM,Pave,Reg,Gtl,BrkSide,Norm,Norm,Gable
1257,3/30/2012,RL,Pave,IR1,Gtl,NoRidge,Norm,Norm,Hip
1258,4/6/2012,RL,Pave,Reg,Gtl,Edwards,Feedr,Norm,Gable
1259,4/13/2012,RL,Pave,IR1,Gtl,Gilbert,Norm,Norm,Gable
1260,4/20/2012,RL,Pave,Reg,Gtl,NAmes,Norm,Norm,Gable
1261,4/27/2012,RL,Pave,IR3,Gtl,Gilbert,RRAn,Norm,Gable
1262,5/4/2012,RL,Pave,Reg,Gtl,NAmes,Norm,Norm,Hip
1263,5/11/2012,RL,Pave,Reg,Gtl,ClearCr,Norm,Norm,Gable
1264,5/18/2012,RL,Pave,Reg,Gtl,BrkSide,Norm,Norm,Gambrel
1265,5/25/2012,RH,Pave,Reg,Gtl,NAmes,Norm,Norm,Gable
1266,6/1/2012,FV,Pave,Reg,Gtl,Somerst,Norm,Norm,Hip
1267,6/8/2012,RM,Pave,IR1,Gtl,OldTown,Feedr,Norm,Hip
1268,6/15/2012,RL,Pave,IR1,Gtl,Timber,Norm,Norm,Hip
1269,6/22/2012,RL,Pave,IR1,Mod,Crawfor,Norm,Norm,Gable
1270,6/29/2012,RL,Pave,Reg,Gtl,NAmes,Feedr,Norm,Gable
1271,7/6/2012,RL,Pave,Reg,Sev,ClearCr,Norm,Norm,Shed
1272,7/13/2012,RL,Pave,IR1,Gtl,NWAmes,PosN,Norm,Hip
1273,7/20/2012,RL,Pave,IR1,Gtl,Sawyer,Norm,Norm,Hip
1274,7/27/2012,RL,Pave,IR1,Gtl,Edwards,Norm,Norm,Gable
1275,8/3/2012,RL,Pave,Reg,Gtl,Crawfor,Norm,Norm,Gable
1276,8/10/2012,RL,Pave,Reg,Gtl,NAmes,Feedr,Norm,Gable
1277,8/17/2012,RL,Pave,IR1,Gtl,NWAmes,Norm,Norm,Gable
1278,8/24/2012,RL,Pave,IR1,Gtl,NWAmes,Norm,Norm,Gable
1279,8/31/2012,RL,Pave,Reg,Gtl,CollgCr,Norm,Norm,Gable
1280,9/7/2012,C (all),Pave,Reg,Gtl,IDOTRR,Norm,Norm,Gable
1281,9/14/2012,RL,Pave,IR1,Gtl,CollgCr,Norm,Norm,Gable
1282,9/21/2012,RL,Pave,IR1,Gtl,Timber,Norm,Norm,Hip
1283,9/28/2012,RL,Pave,IR1,Gtl,CollgCr,Norm,Norm,Gable
1284,10/5/2012,RL,Pave,Reg,Gtl,Mitchel,Norm,Norm,Mansard
1285,10/12/2012,RL,Pave,Reg,Gtl,SWISU,Feedr,Norm,Gable
1286,10/19/2012,RM,Pave,Reg,Gtl,BrkSide,Norm,Norm,Gable
1287,10/26/2012,RL,Pave,Reg,Gtl,NWAmes,Feedr,Norm,Hip
1288,2/5/2010,RL,Pave,IR1,Mod,ClearCr,Norm,Norm,Gable
1289,2/12/2010,RL,Pave,IR1,Gtl,StoneBr,Norm,Norm,Gable
1290,2/19/2010,RL,Pave,IR1,Gtl,NridgHt,Norm,Norm,Gable
1291,2/26/2010,RL,Pave,IR1,Gtl,NAmes,Norm,Norm,Hip
1292,3/5/2010,RM,Pave,Reg,Gtl,BrDale,Norm,Norm,Gable
1293,3/12/2010,RM,Pave,Reg,Gtl,OldTown,Norm,Norm,Gable
1294,3/19/2010,RL,Pave,Reg,Gtl,NWAmes,Norm,Norm,Gable
1295,3/26/2010,RL,Pave,Reg,Gtl,Edwards,Norm,Norm,Hip
1296,4/2/2010,RL,Pave,Reg,Gtl,NAmes,Feedr,Norm,Hip
1297,4/9/2010,RL,Pave,Reg,Gtl,NAmes,Norm,Norm,Hip
1298,4/16/2010,RM,Pave,Reg,Gtl,Edwards,Norm,Norm,Gable
1299,4/23/2010,RL,Pave,IR3,Gtl,Edwards,Feedr,Norm,Hip
1300,4/30/2010,RL,Pave,Reg,Gtl,NAmes,Norm,Norm,Hip
1301,5/7/2010,RL,Pave,IR1,Gtl,Gilbert,Norm,Norm,Gable
1302,5/14/2010,RL,Pave,IR1,Gtl,Crawfor,Norm,Norm,Gable
1303,5/21/2010,RL,Pave,Reg,Gtl,NoRidge,Norm,Norm,Hip
1304,5/28/2010,RL,Pave,Reg,Gtl,Somerst,Norm,Norm,Gable
1305,6/4/2010,RM,Pave,Reg,Gtl,Edwards,Norm,Norm,Gable
1306,6/11/2010,RL,Pave,IR1,Gtl,NridgHt,Norm,Norm,Hip
1307,6/18/2010,RL,Pave,IR1,Gtl,NridgHt,Norm,Norm,Gable
1308,6/25/2010,RL,Pave,Reg,Gtl,CollgCr,Norm,Norm,Gable
1309,7/2/2010,RM,Pave,Reg,Gtl,OldTown,Norm,Norm,Gable
1310,7/9/2010,RL,Pave,Reg,Gtl,SawyerW,Norm,Norm,Gable
1311,7/16/2010,RL,Pave,Reg,Gtl,Crawfor,PosA,Norm,Gable
1312,7/23/2010,RL,Pave,Reg,Gtl,CollgCr,Norm,Norm,Gable
1313,7/30/2010,RL,Pave,IR1,Gtl,NoRidge,Norm,Norm,Gable
1314,8/6/2010,RL,Pave,IR1,Gtl,NoRidge,Norm,Norm,Gable
1315,8/13/2010,RL,Pave,Reg,Gtl,Edwards,Norm,Norm,Hip
1316,8/20/2010,RL,Pave,Reg,Gtl,NAmes,Norm,Norm,Gable
1317,8/27/2010,RL,Pave,IR1,Gtl,CollgCr,Norm,Norm,Gable
1318,9/3/2010,FV,Pave,Reg,Gtl,Somerst,Norm,Norm,Gable
1319,9/10/2010,RL,Pave,IR2,Gtl,CollgCr,Norm,Norm,Hip
1320,9/17/2010,RL,Pave,Reg,Gtl,Edwards,Norm,Norm,Hip
1321,9/24/2010,RL,Pave,Reg,Gtl,NAmes,Norm,Norm,Hip
1322,10/1/2010,RL,Pave,IR1,Gtl,BrkSide,Feedr,Norm,Hip
1323,10/8/2010,RL,Pave,IR1,Gtl,NoRidge,Norm,Norm,Gable
1324,10/15/2010,RL,Pave,Reg,Gtl,BrkSide,Norm,Norm,Hip
1325,10/22/2010,RL,Pave,Reg,Gtl,Somerst,Norm,Norm,Gable
1326,10/29/2010,RM,Pave,Reg,Gtl,IDOTRR,Norm,Norm,Gable
1327,11/5/2010,RH,Pave,Reg,Mod,Edwards,Norm,Norm,Gable
1328,11/12/2010,RL,Pave,Reg,Gtl,Mitchel,Norm,Norm,Gable
1329,11/19/2010,RM,Pave,Reg,Gtl,OldTown,Norm,Norm,Gable
1330,11/26/2010,RL,Pave,IR1,Gtl,Gilbert,Norm,Norm,Hip
1331,12/3/2010,RL,Pave,Reg,Gtl,Somerst,Norm,Norm,Hip
1332,12/10/2010,RL,Pave,IR1,Gtl,CollgCr,Norm,Norm,Gable
1333,12/17/2010,RL,Pave,Reg,Mod,Edwards,Norm,Norm,Gable
1334,12/24/2010,RM,Pave,Reg,Gtl,IDOTRR,Norm,Norm,Gable
1335,12/31/2010,RM,Pave,Reg,Gtl,BrDale,Norm,Norm,Gable
1336,1/7/2011,RL,Pave,Reg,Gtl,NWAmes,Norm,Norm,Gable
1337,1/14/2011,RL,Pave,IR1,Gtl,NWAmes,Feedr,Norm,Gable
1338,1/21/2011,RM,Pave,IR1,Mod,OldTown,Feedr,Norm,Gable
1339,1/28/2011,RL,Pave,IR1,Gtl,CollgCr,Norm,Norm,Gable
1340,2/4/2011,RL,Pave,IR1,Gtl,CollgCr,Norm,Norm,Hip
1341,2/11/2011,RL,Pave,Reg,Gtl,NAmes,Norm,Norm,Gable
1342,2/18/2011,RL,Pave,Reg,Gtl,SawyerW,RRAe,Norm,Gable
1343,2/25/2011,RL,Pave,Reg,Gtl,CollgCr,Norm,Norm,Gable
1344,3/4/2011,RL,Pave,Reg,Gtl,Crawfor,Norm,Norm,Gable
1345,3/11/2011,RL,Pave,IR1,Gtl,CollgCr,Norm,Norm,Gable
1346,3/18/2011,RM,Pave,Reg,Gtl,OldTown,Norm,Norm,Hip
1347,3/25/2011,RL,Pave,IR2,Gtl,NWAmes,PosN,Norm,Hip
1348,4/1/2011,RL,Pave,IR1,Gtl,Timber,Norm,Norm,Gable
1349,4/8/2011,RL,Pave,IR3,Gtl,SawyerW,Norm,Norm,Gable
1350,4/15/2011,RM,Pave,Reg,Gtl,OldTown,Norm,Norm,Gable
1351,4/22/2011,RL,Pave,Reg,Gtl,NAmes,Artery,Norm,Gable
1352,4/29/2011,RL,Pave,IR1,Gtl,NAmes,Norm,Norm,Gable
1353,5/6/2011,RM,Pave,Reg,Gtl,BrkSide,Norm,Norm,Gable
1354,5/13/2011,RL,Pave,IR1,Gtl,NoRidge,Norm,Norm,Hip
1355,5/20/2011,RL,Pave,IR1,Gtl,CollgCr,Norm,Norm,Gable
1356,5/27/2011,RL,Pave,IR1,Gtl,NWAmes,Norm,Norm,Gable
1357,6/3/2011,RL,Pave,Reg,Gtl,NAmes,Norm,Norm,Gable
1358,6/10/2011,RL,Pave,IR1,Gtl,NAmes,Norm,Norm,Gable
1359,6/17/2011,FV,Pave,Reg,Gtl,Somerst,Norm,Norm,Gable
1360,6/24/2011,RL,Pave,Reg,Gtl,NridgHt,Norm,Norm,Hip
1361,7/1/2011,RL,Pave,Reg,Gtl,SWISU,Feedr,Norm,Gable
1362,7/8/2011,RL,Pave,IR1,Mod,StoneBr,Norm,Norm,Hip
1363,7/15/2011,RL,Pave,IR1,Gtl,NAmes,Feedr,Norm,Gable
1364,7/22/2011,RL,Pave,IR1,Gtl,Gilbert,Norm,Norm,Gable
1365,7/29/2011,FV,Pave,Reg,Gtl,Somerst,Norm,Norm,Gable
1366,8/5/2011,FV,Pave,Reg,Gtl,Somerst,Norm,Norm,Gable
1367,8/12/2011,RL,Pave,IR1,Gtl,CollgCr,Norm,Norm,Gable
1368,8/19/2011,RM,Pave,Reg,Gtl,MeadowV,Norm,Norm,Gable
1369,8/26/2011,RM,Pave,Reg,Gtl,CollgCr,Norm,Norm,Gable
1370,9/2/2011,RL,Pave,IR2,Gtl,CollgCr,Norm,Norm,Hip
1371,9/9/2011,RL,Pave,Reg,Gtl,OldTown,Artery,Norm,Gable
1372,9/16/2011,RL,Pave,Reg,Gtl,NAmes,Norm,Norm,Hip
1373,9/23/2011,RL,Pave,Reg,Gtl,CollgCr,Norm,Norm,Gable
1374,9/30/2011,RL,Pave,Reg,Gtl,NoRidge,Norm,Norm,Hip
1375,10/7/2011,FV,Pave,Reg,Gtl,Somerst,Norm,Norm,Gable
1376,10/14/2011,RL,Pave,IR1,Gtl,Timber,Norm,Norm,Gable
1377,10/21/2011,RL,Pave,Reg,Gtl,SWISU,Norm,Norm,Gable
1378,10/28/2011,RL,Pave,Reg,Gtl,Edwards,Norm,Norm,Gable
1379,11/4/2011,RM,Pave,Reg,Gtl,BrDale,Norm,Norm,Gable
1380,11/11/2011,RL,Pave,Reg,Gtl,Timber,Norm,Norm,Gable
1381,11/18/2011,RL,Pave,Reg,Gtl,Edwards,Norm,Norm,Gable
1382,11/25/2011,RL,Pave,IR1,Gtl,NAmes,Norm,Norm,Gable
1383,12/2/2011,RM,Pave,Reg,Gtl,OldTown,Norm,Norm,Hip
1384,12/9/2011,RL,Pave,Reg,Gtl,Sawyer,Norm,Norm,Gable
1385,12/16/2011,RL,Pave,Reg,Gtl,Edwards,Norm,Norm,Gable
1386,12/23/2011,RM,Pave,Reg,Gtl,IDOTRR,Norm,Norm,Gable
1387,12/30/2011,RL,Pave,IR1,Gtl,NWAmes,RRAn,Norm,Gable
1388,1/6/2012,RM,Pave,Reg,Gtl,OldTown,Artery,Norm,Gable
1389,1/13/2012,RL,Pave,IR1,Gtl,Gilbert,Norm,Norm,Gable
1390,1/20/2012,RM,Pave,Reg,Gtl,BrkSide,Norm,Norm,Gable
1391,1/27/2012,RL,Pave,Reg,Gtl,CollgCr,Norm,Norm,Gable
1392,2/3/2012,RL,Pave,Reg,Gtl,NAmes,Norm,Norm,Gable
1393,2/10/2012,RL,Pave,Reg,Gtl,NAmes,Norm,Norm,Gable
1394,2/17/2012,RM,Pave,Reg,Gtl,OldTown,Norm,Norm,Gable
1395,2/24/2012,RL,Pave,Reg,Gtl,Blmngtn,Norm,Norm,Hip
1396,3/2/2012,RL,Pave,IR1,Gtl,Timber,Norm,Norm,Hip
1397,3/9/2012,RL,Pave,IR1,Sev,Timber,Norm,Norm,Gable
1398,3/16/2012,RM,Pave,Reg,Gtl,BrkSide,Norm,Norm,Gable
1399,3/23/2012,RL,Pave,Reg,Gtl,NAmes,Norm,Norm,Gable
1400,3/30/2012,RL,Pave,Reg,Gtl,SWISU,Norm,Norm,Gable
1401,4/6/2012,RM,Pave,Reg,Gtl,BrkSide,Norm,Norm,Gable
1402,4/13/2012,RL,Pave,IR1,Gtl,Gilbert,Norm,Norm,Gable
1403,4/20/2012,RL,Pave,Reg,Gtl,CollgCr,Norm,Norm,Gable
1404,4/27/2012,RL,Pave,IR1,Gtl,Somerst,RRAn,Norm,Gable
1405,5/4/2012,RL,Pave,Reg,Gtl,OldTown,Artery,Norm,Gable
1406,5/11/2012,RM,Pave,IR1,Mod,Crawfor,Norm,Norm,Hip
1407,5/18/2012,RL,Pave,Reg,Gtl,CollgCr,Norm,Norm,Gable
1408,5/25/2012,RL,Pave,IR1,Gtl,Mitchel,Norm,Norm,Gable
1409,6/1/2012,RM,Pave,Reg,Gtl,OldTown,Norm,Norm,Gable
1410,6/8/2012,RL,Pave,IR1,Gtl,NWAmes,Norm,Norm,Gable
1411,6/15/2012,RL,Pave,Reg,Gtl,CollgCr,Norm,Norm,Gable
1412,6/22/2012,RL,Pave,Reg,Gtl,NAmes,Norm,Norm,Gable
1413,6/29/2012,RL,Pave,Reg,Gtl,NAmes,Norm,Norm,Gable
1414,7/6/2012,RL,Pave,IR1,Gtl,SawyerW,Norm,Norm,Gable
1415,7/13/2012,RL,Pave,Reg,Gtl,BrkSide,Norm,Norm,Gambrel
1416,7/20/2012,RL,Pave,Reg,Gtl,Blmngtn,Norm,Norm,Hip
1417,7/27/2012,RM,Pave,Reg,Gtl,OldTown,Norm,Norm,Gable
1418,8/3/2012,RL,Pave,IR1,Gtl,NoRidge,Norm,Norm,Gable
1419,8/10/2012,RL,Pave,Reg,Gtl,NAmes,Norm,Norm,Gable
1420,8/17/2012,RL,Pave,IR1,Gtl,Crawfor,Norm,Norm,Gable
1421,8/24/2012,RL,Pave,Reg,Gtl,NWAmes,Norm,Norm,Gable
1422,8/31/2012,RL,Pave,Reg,Gtl,NPkVill,Norm,Norm,Gable
1423,9/7/2012,RM,Pave,Reg,Gtl,CollgCr,Norm,Norm,Gable
1424,9/14/2012,RL,Pave,IR1,Gtl,Edwards,Norm,Norm,Flat
1425,9/21/2012,RL,Pave,Reg,Gtl,NAmes,Norm,Norm,Hip
1426,9/28/2012,RL,Pave,IR1,Gtl,NAmes,Norm,Norm,Hip
1427,10/5/2012,RL,Pave,IR1,Gtl,NoRidge,Norm,Norm,Gable
1428,10/12/2012,RL,Pave,Reg,Gtl,NAmes,Artery,Norm,Gable
1429,10/19/2012,RM,Pave,Reg,Gtl,OldTown,Norm,Norm,Gable
1430,10/26/2012,RL,Pave,IR1,Gtl,NWAmes,Norm,Norm,Gable
1431,2/5/2010,RL,Pave,IR3,Gtl,Gilbert,RRAn,Norm,Gable
1432,2/12/2010,RL,Pave,IR1,Gtl,NPkVill,Norm,Norm,Gable
1433,2/19/2010,RL,Pave,Reg,Gtl,OldTown,Norm,Norm,Gable
1434,2/26/2010,RL,Pave,IR1,Gtl,Gilbert,Norm,Norm,Gable
1435,3/5/2010,RL,Pave,Reg,Mod,Mitchel,Norm,Norm,Gable
1436,3/12/2010,RL,Pave,Reg,Gtl,NAmes,Norm,Norm,Gable
1437,3/19/2010,RL,Pave,Reg,Gtl,NAmes,Norm,Norm,Gable
1438,3/26/2010,RL,Pave,Reg,Gtl,NridgHt,Norm,Norm,Hip
1439,4/2/2010,RM,Pave,Reg,Gtl,OldTown,Artery,Norm,Gable
1440,4/9/2010,RL,Pave,Reg,Gtl,NWAmes,Norm,Norm,Hip
1441,4/16/2010,RL,Pave,IR1,Mod,Crawfor,Norm,Norm,Gable
1442,4/23/2010,RM,Pave,Reg,Gtl,CollgCr,Norm,Norm,Gable
1443,4/30/2010,FV,Pave,Reg,Gtl,Somerst,Norm,Norm,Gable
1444,5/7/2010,RL,Pave,Reg,Gtl,BrkSide,Norm,Norm,Gable
1445,5/14/2010,RL,Pave,Reg,Gtl,CollgCr,Norm,Norm,Gable
1446,5/21/2010,RL,Pave,Reg,Gtl,Sawyer,Norm,Norm,Gable
1447,5/28/2010,RL,Pave,IR1,Gtl,Mitchel,Norm,Norm,Gable
1448,6/4/2010,RL,Pave,Reg,Gtl,CollgCr,Norm,Norm,Gable
1449,6/11/2010,RL,Pave,Reg,Gtl,Edwards,Norm,Norm,Gable
1450,6/18/2010,RM,Pave,Reg,Gtl,MeadowV,Norm,Norm,Gable
1451,6/25/2010,RL,Pave,Reg,Gtl,NAmes,Norm,Norm,Gable
1452,7/2/2010,RL,Pave,Reg,Gtl,Somerst,Norm,Norm,Gable
1453,7/9/2010,RM,Pave,Reg,Gtl,Edwards,Norm,Norm,Gable
1454,7/16/2010,RL,Pave,Reg,Gtl,Mitchel,Norm,Norm,Gable
1455,7/23/2010,FV,Pave,Reg,Gtl,Somerst,Norm,Norm,Gable
1456,7/30/2010,RL,Pave,Reg,Gtl,Gilbert,Norm,Norm,Gable
1457,8/6/2010,RL,Pave,Reg,Gtl,NWAmes,Norm,Norm,Gable
1458,8/13/2010,RL,Pave,Reg,Gtl,Crawfor,Norm,Norm,Gable
1459,8/20/2010,RL,Pave,Reg,Gtl,NAmes,Norm,Norm,Hip
1460,8/27/2010,RL,Pave,Reg,Gtl,Edwards,Norm,Norm,Gable
